Name,Type,Inhabitant,English,Westron,Quenya,Sindarin,Khuzdul,Rohirric,Other,SHAPE_Leng,SHAPE_Area,layer,Name_1,x,y
Field of Celebrant,Field,,"Field of Celebrant; Field of ""Silverlode""",,,[field of] Celebrant,,,,372765.67851900001,2598167417.48000001907,,,6.7124808152,48.6868310117
Firienfeld,Flat upland,Rohirrim,Dunharrow,,,,,Firienfeld,,4367.54197597000,1376384.30046999990,,,4.4313088170,45.5309123560
Plateau of Gorgoroth,Plain,"Sauron, Orcs, Men allied to Sauron","Plateau of ""horror/dread""",,,[plateau of] Gorgoroth,,,,5635612.07689999975,36405149984.09999847412,,,12.9347963965,43.7365241991
Plateau of Gorgoroth,Plain,"Sauron, Orcs, Men allied to Sauron","Plateau of ""horror/dread""",,,[plateau of] Gorgoroth,,,,5635612.07689999975,36405149984.09999847412,,,13.0356653639,44.0375436336
Plateau of Gorgoroth,Plain,"Sauron, Orcs, Men allied to Sauron","Plateau of ""horror/dread""",,,[plateau of] Gorgoroth,,,,5635612.07689999975,36405149984.09999847412,,,11.2418937287,45.0734490711
Plateau of Gorgoroth,Plain,"Sauron, Orcs, Men allied to Sauron","Plateau of ""horror/dread""",,,[plateau of] Gorgoroth,,,,5635612.07689999975,36405149984.09999847412,,,13.8147199174,45.0369517365
Plateau of Gorgoroth,Plain,"Sauron, Orcs, Men allied to Sauron","Plateau of ""horror/dread""",,,[plateau of] Gorgoroth,,,,5635612.07689999975,36405149984.09999847412,,,11.4425379469,45.4242221367
Plateau of Gorgoroth,Plain,"Sauron, Orcs, Men allied to Sauron","Plateau of ""horror/dread""",,,[plateau of] Gorgoroth,,,,5635612.07689999975,36405149984.09999847412,,,12.7864529732,44.6609860344
Gladden Fields,Marsh,Servants of Sauron searching for the One Ring,Gladden Fields,,,Loeg Ningloron,,,,153041.05763500000,705004008.24800002575,,,6.8666981453,51.2277538315
Desert of Lostladen,Desert,,Desert of Lostladen,,,,,,,889989.44601700001,9841671815.61000061035,,,13.8983042419,40.9712219803
Parth Galen,Field,Uninhabited,"""green sward""",,,Parth Galen,,,,8788.04050645000,4557356.83916999958,,,8.5978650239,46.2493877161
Party Field,Field,"Hobbits; Bilbo",Party Field,,,,,,,802.63522264500,39900.91755790000,,,-3.6455548684,50.5593294930
Pelennor Fields,Field,Gondorians,"""fenced/encircled land"" Fields",,,Pelennor [fields],,,,93881.68515730000,401270920.23299998045,,,9.5333970164,44.2051655029
Derndingle,Hollow,Ents,,,,,,,,8189.14514228000,4831726.01322999969,,,3.8313651989,47.3376603405
Field of Cormallen,Field,Men,"Field of ""golden circle""",,,"Cormallen; Cormalthen (Gondor Sindarin)",,,,28291.51171570000,25419298.91160000116,,,9.8044118877,44.9209420275
Desolation of the Morannon,Dead land,Uninhabited,Desolation of the Morannon,,,,,,,81821.69516680000,334630695.28700000048,,,10.7028606775,46.1424846193
Bonfire Glade,Glade,,Bonfire Glade,,,,,,,109614.57644300000,78178271.72529999912,,,-2.6754658597,50.3907690335
Dagorlad,Plain,Uninhabited,"""battle plain""",,,Dagorlad,,,,724552.91677000001,5996526389.40000057220,,,11.7615013979,46.9212745341
The Wold,Upland plain,Deserted,The Wold,,,,,,,721234.29268900002,13741540958.79999923706,,,7.0372186400,47.6132541114
Tolfalas,,Uninhabited,,,,Tol Falas,,,,203923.87667299999,1798751182.91000008583,,,6.1780951252,41.9320026715
Tol Brandir,,Uninhabited,"""Isle of the great Steeples""",Tindrock (archaic Westron),,Tol Brandir,,,,10295.27225300000,7573870.26150000002,,,8.6071294641,46.3051127512
Girdley Island,,Uninhabited?,"Gridley Island; ""girdle-island""",,,,,,Gyrdlieg (Old Hobbitish),6907.52201564000,2126740.38783999998,,,-2.7249075810,50.6662383263
Carrock,,Near the homes of Beorn and Radagast,,,,,,,,4049.68863762000,1184776.22176999995,,,7.0426035441,52.1566989321
Cair Andros,,Gondorians,"""Ship of Long Foam""",,,Cair Andros,,,,34580.61942310000,59508900.12259999663,,,9.7263284251,44.8150342314
Bywater Pool,Pond,,Bywater Pool,,,,,,,17399.25375700000,21533031.14420000091,,,-3.4548208845,50.5496231588
Lake Evendim,Lake,,Lake Evendim,,,"Nenuial (""Lake of Twilight"")",,,,176520.56101300000,961411810.55799996853,,,-3.7785745276,51.8424614396
Long Lake,Lake,,Long Lake,,,,,,,94930.52732450000,210131132.73500001431,,,11.2658075598,52.3976042424
Mirrormere,Lake,,Mirrormere,,,"Nen Cenedril (""Lake Looking-glass"")","Kheled-zâram (""glass lake/pool"")",,,3529.01342736000,830010.86060799996,,,5.3493732068,49.4675195684
Nen Hithoel,Lake,,"""Mist-cool Water""",,,Nen Hithoel,,,,94564.03350070000,604123002.01300001144,,,8.6503297430,46.4437037799
Sea of Rhûn,Inland Sea,,Sea of Rhûn,,,"Rhûn (""East"")",,,,960854.37020400004,22436757395.79999923706,,,17.5389768847,48.5839982624
Sea of Núrnen,Inland Sea,,"Sea of Núrnen; Lake Núrnen; ""sad-water"" lake/sea",,,[Sea/Lake] Núrnen,,,,644327.42308800004,14297796890.89999771118,,,14.8813614439,42.6886299955
Amon Hen,,Gondorians,"""Hill of the Eye""; Hill of Sight",,,Amon Hen,,,,17174.30262820000,16460333.26789999940,Hills,,8.5676958540,46.2608211962
Amon Lhaw,,,"""Hill of Hearing""",,,Amon Lhaw,,,,25295.65727820000,28664574.10830000043,Hills,,8.7228764371,46.3007033400
Dol Guldur,,"Sauron, Khamûl, forces of Sauron","""Hill of Sorcery""; the dungeons of the Necromancer",,,"Amon Lanc (""the Naked Hill""; ""Bald Hill""); Dol Guldur (""Hill of Sorcery"")",,,,24073.70571180000,35151954.22249999642,Hills,,8.1286725884,49.4945077089
Buck Hill,,Hobbits,Buck Hill,,,,,,,21391.99995140000,32058307.79199999943,Hills,,-2.6188512141,50.4762649487
Cerin Amroth,,,"""Amroth's Mound""",,,Cerin Amroth,,,,7911.54429088000,4703016.51470999978,Hills,,6.3237641023,49.3427146626
Death Down,,,Death Down,,,,,,,868.15839040900,53940.40108010000,Hills,,3.2345399648,46.2081442519
Dol Amroth,,Men (Númenórean Faithful),"""hill upclimber""",,,Dol Amroth,,,,45904.78437890000,78039725.25869999826,Hills,,4.4432678344,42.9860312814
Dol Baran,,,"""Shaven hill""",,,Dol Baran,,,,7074.59465226000,3058019.07757000020,Hills,,3.2686078872,46.8505813999
Emyn Arnen,,House of Húrin (Gondorians),"""the hills of Arnen""",,,Emyn [Arnen],,,,84749.28502230000,347700778.94199997187,Hills,,9.7391580711,43.9271313577
Emyn Muil,,Uninhabited,"""the drear hills""",,,Emyn Muil,,,,448728.75736900000,6215051959.09000110626,Hills,,8.8986609274,46.6418211465
Erech,,Abandoned/Dead Men,Hill of Erech,,,,,,Erech (pre-Númenórean Mannish),118636.64541300001,457205136.13099998236,Hills,,4.7387549269,44.8289080134
Hill of Guard,,Gondorians,Hill of Guard,,,Amon Tirith,,,,14877.88059750000,15812799.77500000037,Hills,,9.4358086323,44.1275640278
Weathertop,,Uninhabited,Weathertop,,,Amon Sûl,,,,14994.67201420000,7886250.01339999959,Hills,,-0.4030389313,50.9654433707
Hobbiton Hill,,"Bilbo, Frodo, Hobbits","Hobbiton Hill; The Hill",,,,,,,14845.87892880000,14908631.73320000060,Hills,,-3.3205520578,50.5963026641
Tarnost,,Uninhabited,,,,,,,Tarnost (Noldorin),2386953.94487999985,6920006902.03999996185,Hills,,5.1551007998,42.6911988324
Tarnost,,Uninhabited,,,,,,,Tarnost (Noldorin),2386953.94487999985,6920006902.03999996185,Hills,,5.4711691068,42.5763246349
Tarnost,,Uninhabited,,,,,,,Tarnost (Noldorin),2386953.94487999985,6920006902.03999996185,Hills,,5.1745925399,43.0210804021
Tarnost,,Uninhabited,,,,,,,Tarnost (Noldorin),2386953.94487999985,6920006902.03999996185,Hills,,5.0802916774,43.0287084715
Tarnost,,Uninhabited,,,,,,,Tarnost (Noldorin),2386953.94487999985,6920006902.03999996185,Hills,,5.1511244785,43.0433086881
Tarnost,,Uninhabited,,,,,,,Tarnost (Noldorin),2386953.94487999985,6920006902.03999996185,Hills,,4.6433859394,42.9885835801
Tarnost,,Uninhabited,,,,,,,Tarnost (Noldorin),2386953.94487999985,6920006902.03999996185,Hills,,5.5095451472,43.3693726603
Tarnost,,Uninhabited,,,,,,,Tarnost (Noldorin),2386953.94487999985,6920006902.03999996185,Hills,,5.8196037645,43.1825655814
North Downs,,"Uninhabited; visited by Rangers of the North",North Downs,,,,,,,990600.84192200005,5769787275.35000038147,Hills,,-1.8915981543,51.8906334623
North Downs,,"Uninhabited; visited by Rangers of the North",North Downs,,,,,,,990600.84192200005,5769787275.35000038147,Hills,,-1.1392670075,52.3547785857
North Downs,,"Uninhabited; visited by Rangers of the North",North Downs,,,,,,,990600.84192200005,5769787275.35000038147,Hills,,-1.0180960081,52.4100429820
North Downs,,"Uninhabited; visited by Rangers of the North",North Downs,,,,,,,990600.84192200005,5769787275.35000038147,Hills,,-0.9488312869,52.4982178335
North Downs,,"Uninhabited; visited by Rangers of the North",North Downs,,,,,,,990600.84192200005,5769787275.35000038147,Hills,,-1.0026290931,52.5430694844
North Downs,,"Uninhabited; visited by Rangers of the North",North Downs,,,,,,,990600.84192200005,5769787275.35000038147,Hills,,-2.1182657155,52.5302253696
North Downs,,"Uninhabited; visited by Rangers of the North",North Downs,,,,,,,990600.84192200005,5769787275.35000038147,Hills,,-2.1036881409,52.6029226006
North Downs,,"Uninhabited; visited by Rangers of the North",North Downs,,,,,,,990600.84192200005,5769787275.35000038147,Hills,,-0.8849062623,52.7154872729
North Downs,,"Uninhabited; visited by Rangers of the North",North Downs,,,,,,,990600.84192200005,5769787275.35000038147,Hills,,-1.1269737798,52.9052286792
North Downs,,"Uninhabited; visited by Rangers of the North",North Downs,,,,,,,990600.84192200005,5769787275.35000038147,Hills,,-1.7736419523,52.2940296272
Iron Hills,,Durin's Folk/Longbeards (Dwarves),,,,,,,,1066087.94754999992,3479615638.44999980927,Hills,,13.4154456024,52.6280984335
Iron Hills,,Durin's Folk/Longbeards (Dwarves),,,,,,,,1066087.94754999992,3479615638.44999980927,Hills,,13.1465910462,52.6487640778
Iron Hills,,Durin's Folk/Longbeards (Dwarves),,,,,,,,1066087.94754999992,3479615638.44999980927,Hills,,13.8823999894,52.8471344859
Iron Hills,,Durin's Folk/Longbeards (Dwarves),,,,,,,,1066087.94754999992,3479615638.44999980927,Hills,,13.4051626138,52.7131206743
Hollin Ridge,,Crebain,Hollin Ridge,,,,,,,333538.37570999999,1684244117.02999997139,Hills,,3.1524101152,49.5874963188
Tower Hills,,Elves,Tower Hills,,,Emyn Beriad,,,,301123.69961299998,1693419133.04999995232,Hills,,-6.1711570706,50.0790045521
Far Downs,,Hobbits,"Far Downs; Fox Downs (incorrect printing)",,,,,,,483903.28942900000,863591395.90799999237,Hills,,-3.8091751731,49.5263583049
Far Downs,,Hobbits,"Far Downs; Fox Downs (incorrect printing)",,,,,,,483903.28942900000,863591395.90799999237,Hills,,-4.3534386089,49.7937515034
Far Downs,,Hobbits,"Far Downs; Fox Downs (incorrect printing)",,,,,,,483903.28942900000,863591395.90799999237,Hills,,-4.6602758212,50.0020316850
Far Downs,,Hobbits,"Far Downs; Fox Downs (incorrect printing)",,,,,,,483903.28942900000,863591395.90799999237,Hills,,-4.7714457812,50.0769652941
Far Downs,,Hobbits,"Far Downs; Fox Downs (incorrect printing)",,,,,,,483903.28942900000,863591395.90799999237,Hills,,-4.8524704151,50.1460348476
Far Downs,,Hobbits,"Far Downs; Fox Downs (incorrect printing)",,,,,,,483903.28942900000,863591395.90799999237,Hills,,-5.0158921651,50.3408269791
Far Downs,,Hobbits,"Far Downs; Fox Downs (incorrect printing)",,,,,,,483903.28942900000,863591395.90799999237,Hills,,-5.1135595001,50.5493248289
Far Downs,,Hobbits,"Far Downs; Fox Downs (incorrect printing)",,,,,,,483903.28942900000,863591395.90799999237,Hills,,-5.2093273301,50.7325837914
Far Downs,,Hobbits,"Far Downs; Fox Downs (incorrect printing)",,,,,,,483903.28942900000,863591395.90799999237,Hills,,-5.0928292270,50.9993530617
Hills of Scary,,Hobbits,Hills of Scary,,,,,,,115984.03369800000,448490039.78700000048,Hills,,-2.9762421689,50.8360600033
White Downs,,Hobbits,White Downs,,,,,,,796161.79549100006,1794571209.54999995232,Hills,,-3.1335685888,49.4202419591
White Downs,,Hobbits,White Downs,,,,,,,796161.79549100006,1794571209.54999995232,Hills,,-3.4550861780,49.6247625357
White Downs,,Hobbits,White Downs,,,,,,,796161.79549100006,1794571209.54999995232,Hills,,-3.8217387124,49.6353634548
White Downs,,Hobbits,White Downs,,,,,,,796161.79549100006,1794571209.54999995232,Hills,,-3.5953119668,49.5932372895
White Downs,,Hobbits,White Downs,,,,,,,796161.79549100006,1794571209.54999995232,Hills,,-4.1562684101,49.8071867023
White Downs,,Hobbits,White Downs,,,,,,,796161.79549100006,1794571209.54999995232,Hills,,-4.6374508981,50.1442751094
White Downs,,Hobbits,White Downs,,,,,,,796161.79549100006,1794571209.54999995232,Hills,,-4.9223177487,50.5436804641
Bree-hill,,"Men, Hobbits",Bree-hill,,,,,,,85873.22595310000,388413284.63000005484,Hills,,-1.7535232946,50.9058437505
South Downs,,Uninhabited,South Downs,,,,,,,962117.67903100001,5831279378.78999996185,Hills,,-0.0715836162,49.6318670563
South Downs,,Uninhabited,South Downs,,,,,,,962117.67903100001,5831279378.78999996185,Hills,,-0.1832851937,49.6428569239
South Downs,,Uninhabited,South Downs,,,,,,,962117.67903100001,5831279378.78999996185,Hills,,-0.2175334226,49.6566467062
South Downs,,Uninhabited,South Downs,,,,,,,962117.67903100001,5831279378.78999996185,Hills,,0.0082024088,49.8445582702
South Downs,,Uninhabited,South Downs,,,,,,,962117.67903100001,5831279378.78999996185,Hills,,0.1971635739,49.8706504552
South Downs,,Uninhabited,South Downs,,,,,,,962117.67903100001,5831279378.78999996185,Hills,,0.0618596154,49.8853880665
South Downs,,Uninhabited,South Downs,,,,,,,962117.67903100001,5831279378.78999996185,Hills,,0.0490387776,49.9003140428
South Downs,,Uninhabited,South Downs,,,,,,,962117.67903100001,5831279378.78999996185,Hills,,0.0065919936,49.9291159944
South Downs,,Uninhabited,South Downs,,,,,,,962117.67903100001,5831279378.78999996185,Hills,,0.1884147622,49.9737832566
South Downs,,Uninhabited,South Downs,,,,,,,962117.67903100001,5831279378.78999996185,Hills,,0.2595169903,50.0566113559
South Downs,,Uninhabited,South Downs,,,,,,,962117.67903100001,5831279378.78999996185,Hills,,-0.0899057344,50.2473022083
South Downs,,Uninhabited,South Downs,,,,,,,962117.67903100001,5831279378.78999996185,Hills,,-0.0964403143,50.2633219347
South Downs,,Uninhabited,South Downs,,,,,,,962117.67903100001,5831279378.78999996185,Hills,,-0.2887854956,50.3507456089
South Downs,,Uninhabited,South Downs,,,,,,,962117.67903100001,5831279378.78999996185,Hills,,-0.3619066102,50.3890298487
South Downs,,Uninhabited,South Downs,,,,,,,962117.67903100001,5831279378.78999996185,Hills,,-0.6005556943,50.4138128903
South Downs,,Uninhabited,South Downs,,,,,,,962117.67903100001,5831279378.78999996185,Hills,,-1.0515531699,50.3840485484
South Downs,,Uninhabited,South Downs,,,,,,,962117.67903100001,5831279378.78999996185,Hills,,-1.2501828740,50.4563787487
South Downs,,Uninhabited,South Downs,,,,,,,962117.67903100001,5831279378.78999996185,Hills,,-0.8233465079,50.5136966154
South Downs,,Uninhabited,South Downs,,,,,,,962117.67903100001,5831279378.78999996185,Hills,,-1.0345023039,50.5608712339
South Downs,,Uninhabited,South Downs,,,,,,,962117.67903100001,5831279378.78999996185,Hills,,-0.6635612908,50.5193334151
South Downs,,Uninhabited,South Downs,,,,,,,962117.67903100001,5831279378.78999996185,Hills,,-1.2642100658,50.5796241993
South Downs,,Uninhabited,South Downs,,,,,,,962117.67903100001,5831279378.78999996185,Hills,,-1.0903254647,50.5927121175
South Downs,,Uninhabited,South Downs,,,,,,,962117.67903100001,5831279378.78999996185,Hills,,-1.3073810290,50.6082764929
South Downs,,Uninhabited,South Downs,,,,,,,962117.67903100001,5831279378.78999996185,Hills,,-1.2657191207,50.6058731328
South Downs,,Uninhabited,South Downs,,,,,,,962117.67903100001,5831279378.78999996185,Hills,,-1.2289434174,50.6088399334
South Downs,,Uninhabited,South Downs,,,,,,,962117.67903100001,5831279378.78999996185,Hills,,-1.2759396665,50.6206314704
South Downs,,Uninhabited,South Downs,,,,,,,962117.67903100001,5831279378.78999996185,Hills,,-1.3411611730,50.6176282122
South Downs,,Uninhabited,South Downs,,,,,,,962117.67903100001,5831279378.78999996185,Hills,,-1.3924444573,50.6326411147
South Downs,,Uninhabited,South Downs,,,,,,,962117.67903100001,5831279378.78999996185,Hills,,-1.3923792213,50.6469749737
South Downs,,Uninhabited,South Downs,,,,,,,962117.67903100001,5831279378.78999996185,Hills,,-1.4586059203,50.6583491275
South Downs,,Uninhabited,South Downs,,,,,,,962117.67903100001,5831279378.78999996185,Hills,,-1.4548720474,50.6700710937
South Downs,,Uninhabited,South Downs,,,,,,,962117.67903100001,5831279378.78999996185,Hills,,-1.5071209281,50.6745292658
South Downs,,Uninhabited,South Downs,,,,,,,962117.67903100001,5831279378.78999996185,Hills,,-0.6200717687,50.1489523928
Barrow-downs,,Barrow-wights,Barrow-downs,,,Tyrn Gorthad/Tyrn Goerthiad (plural),,,,754236.77783299994,3612863006.44999933243,Hills,,-0.8806450104,49.6678322294
Barrow-downs,,Barrow-wights,Barrow-downs,,,Tyrn Gorthad/Tyrn Goerthiad (plural),,,,754236.77783299994,3612863006.44999933243,Hills,,-0.9478496501,49.6866432006
Barrow-downs,,Barrow-wights,Barrow-downs,,,Tyrn Gorthad/Tyrn Goerthiad (plural),,,,754236.77783299994,3612863006.44999933243,Hills,,-0.7539066487,49.6781587604
Barrow-downs,,Barrow-wights,Barrow-downs,,,Tyrn Gorthad/Tyrn Goerthiad (plural),,,,754236.77783299994,3612863006.44999933243,Hills,,-1.3942467584,49.6769862972
Barrow-downs,,Barrow-wights,Barrow-downs,,,Tyrn Gorthad/Tyrn Goerthiad (plural),,,,754236.77783299994,3612863006.44999933243,Hills,,-1.1324796969,49.7183185745
Barrow-downs,,Barrow-wights,Barrow-downs,,,Tyrn Gorthad/Tyrn Goerthiad (plural),,,,754236.77783299994,3612863006.44999933243,Hills,,-1.0339784156,49.6856393752
Barrow-downs,,Barrow-wights,Barrow-downs,,,Tyrn Gorthad/Tyrn Goerthiad (plural),,,,754236.77783299994,3612863006.44999933243,Hills,,-1.2609681889,49.7384735339
Barrow-downs,,Barrow-wights,Barrow-downs,,,Tyrn Gorthad/Tyrn Goerthiad (plural),,,,754236.77783299994,3612863006.44999933243,Hills,,-0.7178742327,49.8518027628
Barrow-downs,,Barrow-wights,Barrow-downs,,,Tyrn Gorthad/Tyrn Goerthiad (plural),,,,754236.77783299994,3612863006.44999933243,Hills,,-1.5642575925,49.8025957642
Barrow-downs,,Barrow-wights,Barrow-downs,,,Tyrn Gorthad/Tyrn Goerthiad (plural),,,,754236.77783299994,3612863006.44999933243,Hills,,-1.5713671751,49.8356072719
Barrow-downs,,Barrow-wights,Barrow-downs,,,Tyrn Gorthad/Tyrn Goerthiad (plural),,,,754236.77783299994,3612863006.44999933243,Hills,,-1.4830590284,49.8295131205
Barrow-downs,,Barrow-wights,Barrow-downs,,,Tyrn Gorthad/Tyrn Goerthiad (plural),,,,754236.77783299994,3612863006.44999933243,Hills,,-1.3842879286,49.8787318679
Barrow-downs,,Barrow-wights,Barrow-downs,,,Tyrn Gorthad/Tyrn Goerthiad (plural),,,,754236.77783299994,3612863006.44999933243,Hills,,-1.5908791719,49.8854044541
Barrow-downs,,Barrow-wights,Barrow-downs,,,Tyrn Gorthad/Tyrn Goerthiad (plural),,,,754236.77783299994,3612863006.44999933243,Hills,,-1.7733605428,49.9251950902
Barrow-downs,,Barrow-wights,Barrow-downs,,,Tyrn Gorthad/Tyrn Goerthiad (plural),,,,754236.77783299994,3612863006.44999933243,Hills,,-1.6842937969,49.9515803760
Barrow-downs,,Barrow-wights,Barrow-downs,,,Tyrn Gorthad/Tyrn Goerthiad (plural),,,,754236.77783299994,3612863006.44999933243,Hills,,-1.8586783925,50.0140211962
Barrow-downs,,Barrow-wights,Barrow-downs,,,Tyrn Gorthad/Tyrn Goerthiad (plural),,,,754236.77783299994,3612863006.44999933243,Hills,,-1.9042059496,50.2205671452
Barrow-downs,,Barrow-wights,Barrow-downs,,,Tyrn Gorthad/Tyrn Goerthiad (plural),,,,754236.77783299994,3612863006.44999933243,Hills,,-2.1536750471,50.4273507818
Barrow-downs,,Barrow-wights,Barrow-downs,,,Tyrn Gorthad/Tyrn Goerthiad (plural),,,,754236.77783299994,3612863006.44999933243,Hills,,-1.9782795550,50.6046203698
Barrow-downs,,Barrow-wights,Barrow-downs,,,Tyrn Gorthad/Tyrn Goerthiad (plural),,,,754236.77783299994,3612863006.44999933243,Hills,,-1.5245819890,50.1945859300
Ravenhill,,Dwarves,Ravenhill,,,,,,,7666.54965048000,2194250.57341000019,Hills,,10.9037669871,52.9210202048
Green Hills,,Hobbits,Green Hills,,,,,,,238342.44200899999,879328857.49100005627,Hills,,-3.3406719302,50.2206662207
Green Hills,,Hobbits,Green Hills,,,,,,,238342.44200899999,879328857.49100005627,Hills,,-3.3728035215,50.3113346863
Slag-hills,,,Slag-hills,,,,,,,45271.67634500000,54672172.02090000361,Hills,,10.5258590429,45.9838626263
Grey Mountains,Range,"Durin's Folk, Dragons, Orcs",Grey Mountains,,,Ered Mithrin,,,,1760153.31856999989,8793164243.25000000000,Mountains,,8.6805419317,53.8330561292
White Mountains,Range,"Men, Dwarves",White Mountains,,,Ered Nimrais,,,,6337069.33787999954,55474133536.30000305176,Mountains,,-0.4898657755,42.7715974269
White Mountains,Range,"Men, Dwarves",White Mountains,,,Ered Nimrais,,,,6337069.33787999954,55474133536.30000305176,Mountains,,9.0980006407,44.0036441034
White Mountains,Range,"Men, Dwarves",White Mountains,,,Ered Nimrais,,,,6337069.33787999954,55474133536.30000305176,Mountains,,8.4481238093,44.0887804013
White Mountains,Range,"Men, Dwarves",White Mountains,,,Ered Nimrais,,,,6337069.33787999954,55474133536.30000305176,Mountains,,8.3863385057,44.0989789548
White Mountains,Range,"Men, Dwarves",White Mountains,,,Ered Nimrais,,,,6337069.33787999954,55474133536.30000305176,Mountains,,6.0307235852,44.6850846449
White Mountains,Range,"Men, Dwarves",White Mountains,,,Ered Nimrais,,,,6337069.33787999954,55474133536.30000305176,Mountains,,5.7082051945,44.7203785971
White Mountains,Range,"Men, Dwarves",White Mountains,,,Ered Nimrais,,,,6337069.33787999954,55474133536.30000305176,Mountains,,4.1051189755,44.7441540269
White Mountains,Range,"Men, Dwarves",White Mountains,,,Ered Nimrais,,,,6337069.33787999954,55474133536.30000305176,Mountains,,4.4366927940,44.9471227882
White Mountains,Range,"Men, Dwarves",White Mountains,,,Ered Nimrais,,,,6337069.33787999954,55474133536.30000305176,Mountains,,6.9438363798,45.1137654437
White Mountains,Range,"Men, Dwarves",White Mountains,,,Ered Nimrais,,,,6337069.33787999954,55474133536.30000305176,Mountains,,4.6117952312,45.0239288174
White Mountains,Range,"Men, Dwarves",White Mountains,,,Ered Nimrais,,,,6337069.33787999954,55474133536.30000305176,Mountains,,1.0980153635,44.9690758032
White Mountains,Range,"Men, Dwarves",White Mountains,,,Ered Nimrais,,,,6337069.33787999954,55474133536.30000305176,Mountains,,0.4449150248,45.1363271526
White Mountains,Range,"Men, Dwarves",White Mountains,,,Ered Nimrais,,,,6337069.33787999954,55474133536.30000305176,Mountains,,4.1789944143,45.4777792928
White Mountains,Range,"Men, Dwarves",White Mountains,,,Ered Nimrais,,,,6337069.33787999954,55474133536.30000305176,Mountains,,4.6775255617,45.6205925461
White Mountains,Range,"Men, Dwarves",White Mountains,,,Ered Nimrais,,,,6337069.33787999954,55474133536.30000305176,Mountains,,4.6769533073,45.6290196993
White Mountains,Range,"Men, Dwarves",White Mountains,,,Ered Nimrais,,,,6337069.33787999954,55474133536.30000305176,Mountains,,4.6671171616,45.6317515401
White Mountains,Range,"Men, Dwarves",White Mountains,,,Ered Nimrais,,,,6337069.33787999954,55474133536.30000305176,Mountains,,-0.5282132602,43.7656168278
White Mountains,Range,"Men, Dwarves",White Mountains,,,Ered Nimrais,,,,6337069.33787999954,55474133536.30000305176,Mountains,,4.4064984259,45.6493246052
White Mountains,Range,"Men, Dwarves",White Mountains,,,Ered Nimrais,,,,6337069.33787999954,55474133536.30000305176,Mountains,,4.3821607744,45.6593276473
White Mountains,Range,"Men, Dwarves",White Mountains,,,Ered Nimrais,,,,6337069.33787999954,55474133536.30000305176,Mountains,,4.5226030460,45.6726776418
White Mountains,Range,"Men, Dwarves",White Mountains,,,Ered Nimrais,,,,6337069.33787999954,55474133536.30000305176,Mountains,,3.0973957209,45.6005688645
White Mountains,Range,"Men, Dwarves",White Mountains,,,Ered Nimrais,,,,6337069.33787999954,55474133536.30000305176,Mountains,,4.4132204088,45.6775385928
White Mountains,Range,"Men, Dwarves",White Mountains,,,Ered Nimrais,,,,6337069.33787999954,55474133536.30000305176,Mountains,,5.0027526832,44.9254047370
Mount Doom,Volcano,,Mount Doom,,,"Orodruin; Amon Amarth (""Mount Doom"")",,,,207402.96378200001,522490204.48699998856,Mountains,,11.8334350648,44.8300409650
Blue Mountains,Range,"Dwarves (Broadbeams, Firebeards, and Longbeards)","Blue Mountains; Mountains of Lindon",[Mountains of Lune],,"Ered Luin (""Blue Mountains""); Ered Lindon (""Mountains of Lindon"")",,,Lhúndirien (Noldorin),2378422.15181000018,36116094604.50000000000,Mountains,,-7.9554644074,52.0057425978
Blue Mountains,Range,"Dwarves (Broadbeams, Firebeards, and Longbeards)","Blue Mountains; Mountains of Lindon",[Mountains of Lune],,"Ered Luin (""Blue Mountains""); Ered Lindon (""Mountains of Lindon"")",,,Lhúndirien (Noldorin),2378422.15181000018,36116094604.50000000000,Mountains,,-8.7357402083,52.6466531389
Blue Mountains,Range,"Dwarves (Broadbeams, Firebeards, and Longbeards)","Blue Mountains; Mountains of Lindon",[Mountains of Lune],,"Ered Luin (""Blue Mountains""); Ered Lindon (""Mountains of Lindon"")",,,Lhúndirien (Noldorin),2143983.57628000015,17079749151.60000228882,Mountains,,-6.2160685055,47.9822273009
Blue Mountains,Range,"Dwarves (Broadbeams, Firebeards, and Longbeards)","Blue Mountains; Mountains of Lindon",[Mountains of Lune],,"Ered Luin (""Blue Mountains""); Ered Lindon (""Mountains of Lindon"")",,,Lhúndirien (Noldorin),2143983.57628000015,17079749151.60000228882,Mountains,,-6.6129192263,48.2631136648
Blue Mountains,Range,"Dwarves (Broadbeams, Firebeards, and Longbeards)","Blue Mountains; Mountains of Lindon",[Mountains of Lune],,"Ered Luin (""Blue Mountains""); Ered Lindon (""Mountains of Lindon"")",,,Lhúndirien (Noldorin),2143983.57628000015,17079749151.60000228882,Mountains,,-6.9340522753,48.2767413957
Blue Mountains,Range,"Dwarves (Broadbeams, Firebeards, and Longbeards)","Blue Mountains; Mountains of Lindon",[Mountains of Lune],,"Ered Luin (""Blue Mountains""); Ered Lindon (""Mountains of Lindon"")",,,Lhúndirien (Noldorin),2143983.57628000015,17079749151.60000228882,Mountains,,-6.8358270198,48.3209837102
Blue Mountains,Range,"Dwarves (Broadbeams, Firebeards, and Longbeards)","Blue Mountains; Mountains of Lindon",[Mountains of Lune],,"Ered Luin (""Blue Mountains""); Ered Lindon (""Mountains of Lindon"")",,,Lhúndirien (Noldorin),2143983.57628000015,17079749151.60000228882,Mountains,,-7.0603565150,48.4084273318
Blue Mountains,Range,"Dwarves (Broadbeams, Firebeards, and Longbeards)","Blue Mountains; Mountains of Lindon",[Mountains of Lune],,"Ered Luin (""Blue Mountains""); Ered Lindon (""Mountains of Lindon"")",,,Lhúndirien (Noldorin),2143983.57628000015,17079749151.60000228882,Mountains,,-7.7322639720,48.8420883352
Blue Mountains,Range,"Dwarves (Broadbeams, Firebeards, and Longbeards)","Blue Mountains; Mountains of Lindon",[Mountains of Lune],,"Ered Luin (""Blue Mountains""); Ered Lindon (""Mountains of Lindon"")",,,Lhúndirien (Noldorin),2143983.57628000015,17079749151.60000228882,Mountains,,-7.4837049536,49.1051495403
Blue Mountains,Range,"Dwarves (Broadbeams, Firebeards, and Longbeards)","Blue Mountains; Mountains of Lindon",[Mountains of Lune],,"Ered Luin (""Blue Mountains""); Ered Lindon (""Mountains of Lindon"")",,,Lhúndirien (Noldorin),2143983.57628000015,17079749151.60000228882,Mountains,,-6.2101094863,48.6510881843
Lonely Mountain,Mountain,Durin's Folk/Longbeards (Dwarves),Lonely Mountain,,,Erebor,,,,70839.23097130000,268765748.03799998760,Mountains,,10.7919199940,52.9894966048
Amon Anwar,Mountain,Gondorian beacon-wardens,"""Hill of Awe""; ""Holy Mountain""",,,"Amon Anwar (""Hill of Awe"")",,"the Halifirien (""Holy Mountain"")",Eilenaer (pre-Númenórean Mannish),5042.72737052000,1408169.96453000000,Mountains,,6.9438363798,45.1137654437
Írensaga,Mountain,Rohirrim,"""iron-saw""",,,,,Írensaga,,58528.36154350000,146024061.23500001431,Mountains,,4.5522402411,45.5885203115
Ras Morthil,Mountain,"Possibly Druédain, possibly vacated","""dark/black horn""",,,Ras Morthil,,,,80640.37385320000,105273698.97500000894,Mountains,,-1.8114260872,42.2042970320
Cûl Bîn,Mountain,,"""Little Load""",,,Cûl Bîn,,,,349009.63594499999,1308099846.35999989510,Mountains,,5.0708539438,44.2464803746
Dol Tarlang,Mountain,,"""Tarlang's Head""",,,Dol Tarlang,,,,102091.77715400000,161740075.63899999857,Mountains,,5.1977463656,44.7099626070
Cûl Veleg,Mountain,,"""Big Load""",,,Cûl Veleg,,,,156922.26425099999,459933208.67399996519,Mountains,,5.0919007086,44.5552101497
Gundabad,Mountain,Orcs,,,,,Gundabad,,,35979.23654260001,82353405.33720000088,Mountains,,4.4607861661,53.8208893097
Mindolluin,Mountain,None,Mount Mindolluin,,,"Mindolluin (""towering-head-blue"")",,,,375629.49467699998,2045226867.58999991417,Mountains,,9.0426313096,44.2466438936
Mountains of Angmar,Range,"Orcs, the Witch-king",Mountains of Angmar,,,,,,,709358.14130500006,5034958333.27000045776,Mountains,,2.4509521110,54.1027051549
Morgai,Ridge,,,,,,,,,955544.87419400003,2100675562.92000031471,Mountains,,10.8678320922,43.9739770815
Morgai,Ridge,,,,,,,,,955544.87419400003,2100675562.92000031471,Mountains,,10.7704304460,44.8960632716
Calenhad,Beacon-hill,Gondorian beacon-wardens,"""green space""",,,Calenhad,,,,36361.07882410000,60467528.10459998995,Mountains,,7.6015783721,45.0675318215
Mountains of Mirkwood,Range,"Elves (previously); Spiders and evil creatures",Mountains of Mirkwood,,,"Emyn Duir (""the Dark Mountains""); Emyn-nu-Fuin (""the Mountains of Mirkwood"")",,,,1328482.66121000005,4321728640.27999973297,Mountains,,10.2380553430,51.7931023586
Celebdil,Mountain,,Silvertine,Silvertine,,Celebdil,Zirakzigil,,,1021751.49803999998,1925026085.29999995232,Mountains_of_Moria,,4.9640425221,50.1768877099
Caradhras,Mountain,Mountain is actively hostile,Redhorn,Redhorn,,Caradhras,Barazinbar/Baraz,,,206272.78457799999,740966016.12300014496,Mountains_of_Moria,,4.1270510380,50.0970279889
Fanuidhol,Mountain,,Cloudyhead,Cloudyhead,,Fanuidhol,Bundushathûr/Shathûr,,,294495.04031800001,1523281703.09999990463,Mountains_of_Moria,,5.2425331690,49.8284283355
Caradhras,Mountain,Mountain is actively hostile,Redhorn,Redhorn,,Caradhras,Barazinbar/Baraz,,,221891.83937500001,904526360.13399994373,Mountains_of_Moria,,4.5670670989,50.4684599453
Fanuidhol,Mountain,,Cloudyhead,Cloudyhead,,Fanuidhol,Bundushathûr/Shathûr,,,289319.63209799997,1003501385.15999996662,Mountains_of_Moria,,5.6968990792,50.2109772191
Dead Marshes,Wetland,Dead faces,Dead Marshes,,,,,,,283064.94568100001,2601027940.98000001907,,,9.9461770435,46.5404258021
Swanfleet,Marsh,Swans,Swanfleet,,,"Nîn-in-Eilph (""water-lands of the Swans"")",,,,132608.08162300001,1029769579.63999998569,,,0.1656913056,48.4727928054
Rushock Bog,Swamp,,Rushock Bog,,,,,,Ryscuc (Old Hobbitish),25364.75091010000,42011783.16770000011,,,-3.9037180755,50.5958960342
Overbourn Marshes,Marsh,,Overbourn Marshes,,,,,,,97889.46283819999,493316931.40899997950,,,-2.8426095739,50.0545110352
Nindalf,Swamp,None,"""wet flat field""",Wetwang,,Nindalf,,,,327250.74319499999,4034835095.55000066757,,,9.1226666808,45.8883783945
Midgewater Marshes,Marsh,None,Midgewater Marshes,,,,,,,97605.87630480000,503358492.60400003195,,,-1.4078904065,50.9036283664
Marish,Bog,Stoors (Hobbits),Marish,,,,,,,41502.88438790000,40544878.05300000310,,,-2.8582349117,50.3798319032
Long Marshes,Marsh,,Long Marshes,,,,,,,107605.48218599999,422590336.69099992514,,,10.7549683345,52.5863561821
Gladden Fields,Marsh,Servants of Sauron searching for the One Ring,Gladden Fields,,,Loeg Ningloron,,,,153041.05763500000,705004008.24800002575,,,6.8666981453,51.2277538315
Fenmark,Marsh,,"Fenmark; Fenmarch",,,,,,,141350.29310700000,221808571.39899998903,,,7.4817755122,45.5372270660
Tarlang's Neck,Pass,,Tarlang's Neck,,,,,,,75192.20728520000,184900080.47400000691,,,5.3579479511,44.7879354537
Udûn (valley),Valley,Orcs,"""dark pit/Underworld""; ""hell""",,,Udûn,,,,190107.38208499999,1250446315.74000000954,,,10.7489804915,45.5945874396
Withered Heath,Valley,Dragons,Withered Heath,,,,,,,468566.39095899998,3438370089.61999988556,,,8.8984356966,53.8902235695
Withered Heath,Valley,Dragons,Withered Heath,,,,,,,468566.39095899998,3438370089.61999988556,,,10.5281161439,53.8169110304
Cirith Gorgor,Guarded Pass,Orcs,"""pass of extreme horror""",,,Cirith Gorgor,,,,39882.80137850000,45566239.41550000012,,,10.6985471365,45.9354307145
Carach Angren,Guarded Pass,Orcs,"""Iron-mouth""",Isenmouthe (archaic),,Carach Angren,,,,21817.13439860000,12797043.24709999934,,,10.9164935584,45.3856926566
Cirith Ungol,Pass,"Orcs, Shelob","""Spider's Cleft""",,,"Cirith Ungol; Cirith Dúath (formerly)",,,,97530.34255570000,88587950.74609999359,,,10.7313502058,44.2890934366
North Stair,Stair,Uninhabited,North Stair,,,,,,,37772.68529180000,9866000.80976000056,,,8.6339479984,46.1794412936
High Pass,Pass,Beornings,"High Pass; Pass of Imladris",,,"Cirith Forn en Andrath (""the high-climbing pass of the north"")",,,,228985.34707799999,169766756.02399998903,,,5.8204266267,52.1333757461
Dimrill Stair,Pass,Caradhras,Dimrill Stair,,,,,,,8863.27618700000,3761022.29804999987,,,5.3100059301,49.5253633337
Andrath,Defile,Black Riders,"""Long Climb""",,,Andrath,,,,316267.15913300001,672849104.29499995708,,,-1.3273640832,50.2681834465
Stonewain Valley,Valley,Gondorians,Stonewain Valley,,"Nand' Ondolunkava; Ondolunkanan(do)","Nan Gondresgion; Imrath Gondraich (""Stonewain Valley"")",,Stānwægna Dæl,,93936.61340720000,98041683.34420001507,,,9.1285488236,44.6472039004
Ringló Vale,Valley,Gondorians,Ringló Vale,,,,,,,105118.93406400000,92584102.02799999714,,,7.1841403204,44.4338322305
Nan Curunír,Valley,Saruman,"""Saruman's Vale""",,,Nan Curunír,,,,144541.94957400000,1050360166.25000000000,,,3.1317663096,47.0426183420
Morgul Vale,Valley,Orcs,"Morgul Vale; ""Deep/Narrow Valley of Black Sorcery""",,,Imlad Morgul,,,,81271.27951840000,58037173.84929999709,,,10.5677904101,44.3165743811
Tumladen (Gondor),Valley,Gondorians,"""Valley of Smoothness""",,,Tumladen,,,,103883.19248600000,122287107.91799999774,,,8.5041944264,43.8660026195
Imloth Melui,Valley,Gondorians,"""sweet flower-valley""",,,Imloth Melui,,,,347954.83123200003,586143817.74899995327,,,9.1581144516,43.5778422671
Harrowdale,Valley,Rohirrim,Harrowdale,,,,,,,55617.68621740000,37099426.51349999756,,,4.4470945661,45.5973503839
Entwash Vale,Valley,Rohirrim,Entwash Vale,,,,,,,248906.86523800000,469792128.52899998426,,,7.2181974359,45.7532424022
Dwimorberg glen,Glen,Uninhabited,,,,,,,,1904.22754572000,252439.49535000001,,,4.4518856768,45.4960011041
Dimrill Dale,Valley,Uninhabited,Dimrill Dale,,,Nanduhirion,Azanulbizar,,,12182.26264690000,6059189.17975999974,,,5.3397232915,49.4778926616
Deeping-coomb,Valley,Rohirrim,Deeping-coomb,,,,,,,13146.23421590000,7577270.43953999970,,,3.2371955795,46.2056964212
Blackroot Vale,Valley,Gondorians,Blackroot Vale,,,"Mornan (""dark valley"")",,,,169360.29725599999,296234842.14300000668,,,4.4554388890,44.8297548554
Water-valley,Valley,Hobbits,Water-valley,,,,,,,184443.74552800000,446399966.56900000572,,,-3.2512622641,50.5817455665
Paths of the Dead,Pass,Dead Men,Paths of the Dead,,,,,,,130750.90933100000,63589380.08990000188,,,4.5080671036,45.2264937717
Anduin,,,"Great River; Great River of Wilderland",,,Anduin,,Langflood,,1398387.20405000006,,Rivers,,8.1131095304,47.8800214326
Baranduin,,,Brandywine,"Branda-nîn (Hobbitish Westron; ""border water""); Bralda-hîm (""heady ale"")",,"Baranduin (""golden-brown river"")",,,,674476.16962700000,,Rivers,,-3.3191042504,49.6065850686
Bruinen,,,Loudwater,,,Bruinen,,,,418822.21669799997,,Rivers,,3.3726374456,50.9978472818
Carnen,,,Redwater,,,Carnen,,,,198801.55395100001,,Rivers,,13.4873524016,51.9765953374
Nimrodel (river),,,,,,Nimrodel,,,,69776.28008890002,,Rivers,,5.2327944686,49.0598821252
Celebrant,,,Silverlode,,,Celebrant,Kibil-nâla,,,119707.49805100000,,Rivers,,5.7881098080,49.2452139867
Ciril,,,,,,,,,Ciril/Kiril (unknown origin),131445.53023000000,,Rivers,,5.5652952868,44.1998556814
Enchanted River,,,Enchanted River,,,"Gûlduin; Gûlhir",,,,126788.00281999999,,Rivers,,9.7515344640,52.2458358332
Erui,,,"""single/alone""",,,Erui,,,,107114.03655600001,,Rivers,,9.1766239597,43.6353542149
Gilrain,,,"""spark wander/stray""",,,Gilrain,,,,179960.85518399999,,Rivers,,7.1702992129,43.7157174609
Glanduin,,,"""Border river""; Swanfleet river",,,Glanduin,,,,264312.81990599999,,Rivers,,1.6312461586,48.4127675114
Greylin,,,"""the noisy one""",,,,,Greylin?,,78547.11840150000,,Rivers,,6.4114194139,53.5030229350
Gwathló,,,Greyflood,,,"Gwathló (""Shadowy river from the fens""); Gwathir (""River of Shadow"")",,,,450028.24966099998,,Rivers,,-0.3782165943,48.1764866234
Harnen,,,"""South Water""",,,Harnen,,,,227125.03215799999,,Rivers,,12.0081917864,40.7330284812
Hoarwell,,,"Hoarwell; ""grey spring""",,,"Mitheithel (""grey spring"")",,,,404559.52984300000,,Rivers,,2.2511583286,51.5309837967
Langwell,,,Langwell,,,,,Langwell?,,87380.00087220002,,Rivers,,5.7163233125,53.2901975550
Lefnui,,,"""fifth""",,,Lefnui,,,,427946.74127699999,,Rivers,,0.6573011852,43.8260690564
Lhûn,,,,Lune,,"Lhûn (not valid Sindarin); Sîr Luin (""Blue River"")",,,"Lhûn (Noldorin, ""Blue"")",381987.77970299998,,Rivers,,-6.5879678651,52.2293239094
Limlight,,,Limlight,,,,,,"Limlaith; Limlich; Limliht; Limhîr",238665.09316799999,,Rivers,,5.7975100600,48.3296452925
Little Lune,,,Little Lune,,,,,,,88379.23358700000,,Rivers,,-7.5937059405,52.7874542828
Morgulduin,,,"""black magic river""",,,Morgulduin,,,,89356.74837820002,,Rivers,,10.2769060531,44.3319175035
Morthond,,,Blackroot,,,Morthond,,,,265595.07848400000,,Rivers,,4.3109901639,44.3080843633
Norbourn,,,Norbourn,,,,,,,45521.60476130000,,Rivers,,-3.4640574855,50.7258611446
Poros,,,,,,,,,Poros (unknown),210303.78000100001,,Rivers,,9.3613263430,42.3525504323
Rhimdath,,,Rushdown,,,,,,Rhimdath (Noldorin),54768.09671150000,,Rivers,,6.5035741884,52.5097093202
Ringló,,,"""cold fenland""",,,Ringló,,,,281073.43533399998,,Rivers,,6.0347133801,43.9897735699
River Running,,,River Running,,,Celduin,,,,627965.58992000006,,Rivers,,13.5415299366,51.1551119093
Serni,,,"""stony""",,,Serni,,,,190704.49252999999,,Rivers,,7.5786678107,43.2667520776
Shirebourn,,,"Shirebourn; ""River of the Shire""; ""Bright-stream""",,,,,,Scirburna (Old Hobbitish),71531.90542980000,,Rivers,,-3.1526067550,50.1349242139
Sirith,,,"""a flowing""",,,Sirith,,,,149353.07440600000,,Rivers,,8.5000170248,43.6023139200
Celos,,,"""flow out swiftly""",,,Celos,,,,84260.60051020002,,Rivers,,8.1683414291,44.0373870804
The Water,,,"The Water; the Shire-water",,,,,,,135313.34515700000,,Rivers,,-3.6177689097,50.6310124076
Withywindle,,,"Withywindle; ""willow spindle/reel""",,,,,,Withigwindel (Old Hobbitish),51812.54175410000,,Rivers,,-2.5113672672,50.2984570580
Adorn,,,,,,,,,Adorn (pre-Númenórean origin),212357.38475000000,,Rivers,,1.8529538579,45.6468607605
Entwash,,,Entwash,,,Onodló,,Entwaesc,,713000.36503300001,,Rivers,,6.7717824052,46.1630123926
Isen,,,"""Iron""",,,"Sîr Angren (""iron river"")",,Isen,,499981.70658699999,,Rivers,,1.1158141937,46.0586616343
Mering Stream,,,"""Boundary stream""",,,Glanhír,,Mering [Stream],,101208.25103499999,,Rivers,,7.3488127613,45.4299431344
Snowbourn,,,Snowbourn,,,,,Snāwburna,,127086.45164600000,,Rivers,,5.0015364462,45.7991897741
Deeping-stream,,,Deeping-stream,,,,,,,197406.08727399999,,Rivers,,4.3475194267,46.4040389456
Sirannon,,,Gate Stream,,,Sirannon,,,,236928.97398000001,,Rivers,,3.2257184857,48.9682029719
Stock-brook,,,"Stock-brook; ""the brook running through Stock""",,,,,,Se Stocbroc (Old Hobbitish),26023.27176430000,,Rivers,,-2.8934778646,50.3944843851
Thistle Brook,,,Thistle Brook,,,,,,,29114.99210540000,,Rivers,,-3.1623043789,50.1574123550
Forest River,,,Forest River,,,,,,,328204.06257700000,,Rivers,,9.1806983068,52.9611584582
Gladden River,,,Gladden River,,,"Sîr Ninglor (""River Goldwater"")",,,,146156.23722499999,,Rivers,,5.9069783671,51.1304014268
Great East Road,Major road,,"East Road; East-West Road; Great East Road; Old Road",,,,,,,930327.50777999999,,Roads,East Road,0.2754262059,51.0814594011
The Greenway,Road,,"Greenway; North-South Road; Great Road; Royal Road",,,,,,,259735.43446799999,,Roads,Greenway,-2.8902068784,49.4898241493
North-South Road,Major road,,"North-South Road; Great Road; Royal Road; Greenway; Old South Road; Great West Road; South Road",,,,,,,1448653.98509000009,,Roads,North-South Road,3.8942393502,46.6679423721
Great West Road,Road,,Great West Road,,,,,,,640238.55790300004,,Roads,Great West Road,6.4085150018,45.4013817826
South Road,Road,,"South Road; North-South Road; Great Road; Royal Road",,,,,,,148164.43476599999,,Roads,South Road,9.0808536762,43.5759416624
Morgul Road,Road,,Morgul Road,,,,,,,317890.99809100002,,Roads,Morgul Road,10.7528920835,44.8215296305
Gorgoroth Road,Road,,Gorgoroth Road,,,,,,,248892.75373000000,,Roads,Gorgoroth Road,11.6647794230,44.9367184544
Harad Road,Road,,Harad Road,,,,,,,631533.30721300002,,Roads,Harad Road,10.1060516913,41.7257077996
Sauron's Road,Road,,Sauron's Road,,,,,,,49231.85172920000,,Roads,Sauron's Road,11.8563791348,44.8311300956
Bywater Road,Road,,Bywater Road,,,,,,,93605.80793729999,,Roads,Bywater Road,-4.0507618820,50.4606730410
Causeway,Road,,Causeway,,,,,,,44817.56715260000,,Roads,Causeway,-2.8257035595,50.4188870303
Bagshot Row,Road,,"Bagshot Row; New Row",,,,,,,8095.46989406000,,Roads,Bagshot Row,-3.5886530021,50.5585033502
Elf-path,Pathway,,Elf-path,,,,,,,240598.12394399999,,Roads,Elf-path,8.8322798062,52.5470612825
Stock Road,Road,,Stock Road,,,,,,,71469.68395140000,,Roads,Stock Road,-3.2378274426,50.3947807127
Northway,Road,,Northway,,,,,,,51718.95803360000,,Roads,Northway,-3.3129052998,50.7419113823
unnamed road durthang-morgul pass,Road,,Morgul Road,,,,,,,120865.85408300000,,Roads,Morgul Road,10.6647416729,44.9118286098
Dimrill Stair,Pass,,Dimrill Stair,,,,,,,7080.70696865000,,Roads,Dimrill Stair,5.3059988288,49.5102181709
Ferry Lane,Road,,Ferry Lane,,,,,,,1840.17143076000,,Roads,Ferry Lane,-2.8086336230,50.4153963409
Gateway,Road,,Gateway,,,,,,,203.30576294100,,Roads,Gateway,9.4605021579,44.1267805403
Old Forest Road,Road,,"Old Forest Road; Forest Road",,,"Men-i-Naugrim (""Road of the Dwarves"")",,,,373682.14185199997,,Roads,Old Forest Road,9.2140740544,51.6942107115
South Lane,Lane,,South Lane,,,,,,,391.61978878100,,Roads,South Lane,-3.5169973230,50.5272769240
Hill Road,Road,,Hill Road,,,,,,,13805.16112700000,,Roads,Hill Road,-3.5352085945,50.5804468246
Hobbiton Road,Road,,Hobbiton Road,,,,,,,4683.69190971000,,Roads,Hobbiton Road,-3.5105523201,50.5277584831
Deeping-road,Road,,Deeping-road,,,,,,,48782.71209420000,,Roads,Deeping-road,3.0707117998,46.1385090284
Paths of the Dead,Pass,,"Paths of the Dead; Dwimorberg Pass",,,,,,,64197.87406260000,,Roads,Paths of the Dead,4.5005422389,45.2406946688
Unnamed Gondor road,Road,,"South Road; North-South Road; Great Road; Royal Road",,,,,,,590052.57559300005,,Roads,South Road,6.9686621947,43.4426761613
Causeway,Road,,"South Road; North-South Road; Great Road; Royal Road",,,,,,,28097.72741800000,,Roads,South Road,9.6757286876,44.2071903760
Lampwrights' Street,Street,,Lampwrights' Street,,,Rath Celerdain,,,,1491.44172715000,,Roads,Lampwrights' Street,9.4519717261,44.1223092034
Old South Road,Road,,"Old South Road; North-South Road; Great Road; Royal Road",,,,,,,324966.60267400002,,Roads,Old South Road,1.5076168162,47.4330599535
Rath Dínen,Street,,"""Silent Street""",,,Rath Dínen,,,,560.57454194300,,Roads,Rath Dínen,9.4202767144,44.1304465094
Stair of the Hold,Road,,Stair of the Hold,,,,,,,4580.85616569000,,Roads,Stair of the Hold,4.4402859038,45.5454232924
Straight Stair,Stair,,"Straight Stair; Stairs of Cirith Ungol",,,,,,,18409.55319710000,,Roads,Straight Stair,10.6143768364,44.4237632822
Winding Stair,Stair,,"Winding Stair; Stairs of Cirith Ungol",,,,,,,20251.03137760000,,Roads,Winding Stair,10.8268820634,44.4331297739
Under-way,Passage,,Under-way,,,,,,,729.46895993700,,Roads,Under-way,10.9139220804,44.4472789119
Southward Road,Road,,Southward Road,,,,,,,197260.44306300001,,Roads,Southward Road,10.2397432781,45.2802053996
unnamed Shire road through Longbottom,,,,,,,,,,63293.57644320000,,Roads,,-3.5322318471,49.7746863306
unnamed Shire road to Pincup,,,,,,,,,,55478.46133810000,,Roads,,-3.5120672868,50.0122327168
unnamed Shire road,,,,,,,,,,49845.71720630000,,Roads,,-3.0299378379,50.7498581490
unnamed Shire road to Tookbank,,,,,,,,,,7331.07065496000,,Roads,,-3.8233101634,50.2741808155
unnamed Shire road,,,,,,,,,,35686.99921940000,,Roads,,-3.0476120779,50.8599901340
unnamed Shire road,,,,,,,,,,58165.07301790000,,Roads,,-3.7846980063,50.8166639642
unnamed Shire road,,,,,,,,,,92146.51908450000,,Roads,,-4.8291142050,50.4209972738
unnamed Shire road,,,,,,,,,,37003.89141340000,,Roads,,-4.0803421378,50.3484577499
unnamed Shire road,,,,,,,,,,24904.08642640000,,Roads,,-4.1612597506,50.5229720739
unnamed Shire road,,,,,,,,,,49743.95849590000,,Roads,,-4.3927559403,50.6517852418
unnamed Shire road,,,,,,,,,,78031.57400420000,,Roads,,-4.0187274207,51.1108459286
unnamed Shire road,,,,,,,,,,40058.70341870001,,Roads,,-3.4999415011,51.1453095285
unnamed Shire road,,,,,,,,,,31572.16362560000,,Roads,,-4.4128568041,50.4596132276
unnamed Shire road,,,,,,,,,,17483.10512480000,,Roads,,-2.9548623686,50.1714894886
City Wall,Wall,,City Wall,,,Othram,,,,12847.17302180000,,Walls,,9.4352940756,44.1282531312
Deeping Wall,Wall,,Deeping Wall,,,,,,,72.90251418060,,Walls,,3.2236369364,46.2010910579
Helm's Dike,Wall,,Helm's Dike,,,,,,,1624.15639078000,,Walls,,3.2272551337,46.2017041481
High Hay,Hedge,,"High Hay; The Hedge",,,,,,,53756.06852930000,,Walls,,-2.6791641745,50.4183715645
Rammas Echor,Wall,,"""Great-wall Circle""",,,"Rammas Echor; the Rammas",,,,60165.48480020000,,Walls,,9.5537750959,44.1972094344
Ring of Isengard,Wall,,Ring of Isengard,,,,,,,16276.99549840000,,Walls,,3.0518617400,47.0973696063
Brandywine Bridge,,,"Brandywine Bridge; Bridge of Stonebows",,,i Varanduiniant,,,,,,Bridges,,-2.6989239447,50.6238504953
Bridge of Khazad-dûm,,,"Bridge of Khazad-dûm; Durin's Bridge",,,,,,,,,Bridges,,5.2883713708,49.5420861001
Bridge of Nimrodel,,,Bridge of Nimrodel,,,,,,,,,Bridges,,5.5531207726,49.1554825118
Bridge of Tharbad,,,Bridge of Tharbad,,,,,,,,,Bridges,,-0.2653507154,48.2161389281
Ethring,,,"""across [the Ringló river]""",,,Ethring,,,,,,Bridges,,6.0383256416,43.9035799481
Last Bridge,,,Last Bridge,,,,,,,,,Bridges,,1.7757561488,51.0781537934
Bag End,Building,"Bilbo, Frodo, Hobbits",Bag End,"Laban-neg; Labin-nec",,,,,,,,Buildings,,-3.6457383073,50.5607754144
White Towers,Tower,Elves,White Towers,,,,,,,,,Buildings,,-6.1119463371,50.1253332282
All-Welcome Inn,Inn,Hobbits,All-Welcome Inn,,,,,,,,,Buildings,,-3.2493491130,50.5182619631
Elostirion,Tower,Elves,,,,Elostirion,,,,,,Buildings,,-6.2137921400,50.0850684687
Bridge Inn,Inn,Hobbits,Bridge Inn,,,,,,,,,Buildings,,-2.7283625755,50.6152946051
Green Dragon,Inn,Hobbits,Green Dragon,,,,,,,,,Buildings,,-3.4797239837,50.5228302000
The Floating Log,Inn,Hobbits,The Floating Log,,,,,,,,,Buildings,,-3.1462142304,50.5481161597
The Golden Perch,Inn,Hobbits,The Golden Perch,,,,,,,,,Buildings,,-2.8058150496,50.4674837569
The Prancing Pony,Inn,"Bree-men, Hobbits, Barliman Butterbur, Nob, Bob",The Prancing Pony,,,,,,,,,Buildings,,-1.9074035587,50.7780908069
Barad-dûr,Tower,"Sauron, Nazgûl, Orcs","""Dark Tower""",,,Barad-Dûr,,,Lugbúrz (Black Speech),,,Buildings,,12.0812207029,44.9786691658
Durin's Tower,Tower,"Dwarves (originally); uninhabited (during the War of the Ring)",Durin's Tower,,,,,,,,,Buildings,,4.2784018070,49.2240989655
Orthanc,Tower,"Dúnedain, Gondorians, Saruman (during the War of the Ring)","""Mount Fang"" (Sindarin); ""Cunning Mind"" (Old English/Rohirric)",,,Orthanc,,Orthanc,,,,Buildings,,3.0513066727,47.0963980164
Narchost,Tower,"Gondorians (originally); forces of Sauron (during the War of the Ring)","""bitter-biting fort""",,,Narchost,,,,,,Buildings,,10.6491476230,46.0081001331
Carchost,Tower,"Gondorians (originally); forces of Sauron (during the War of the Ring)","""fang fort""",,,Carchost,,,,,,Buildings,,10.7257542667,46.0098407087
Tower of Cirith Ungol,Tower,"Gondorians (originally); forces of Sauron (during the War of the Ring)","""Spider's cleft""",,,Cirith Ungol,,,,,,Buildings,,10.9184698665,44.4469805451
Tower of Ecthelion,Tower,Gondorians,"Tower of Ectelion; White Tower; Tower of Denthor",,,,,,,,,Buildings,,9.4381060756,44.1311130126
Beorn's Hall,Building,Beorn (Man),Beorn's Hall,,,,,,,,,Buildings,,7.2582555215,52.1701864274
Brandy Hall,Building,Hobbits,Brandy Hall,,,,,,,,,Buildings,,-2.6807140620,50.4534663223
Chamber of Mazarbul,Building,"Balin; Dwarves; uninhabited during the War of the Ring","Chamber of ""records""",,,,Chamber of Mazarbul,,,,,Buildings,,4.7858193237,49.8696774941
Cracks of Doom,Building,Sauron,Cracks of Doom,,,Sammath Naur,,,,,,Buildings,,11.8460202373,44.8414027599
Dome of Stars,Building,Gondorians,Dome of Stars,,,,,,,,,Buildings,,9.8474806576,44.2429429893
Durthang,Building,"Gondorians (originally); Orcs (during the War of the Ring)","""Dark oppression""",,,Durthang,,,,,,Buildings,,10.3801761365,45.3772877623
Elvenking's Halls,Building,Silvan Elves,Elvenking's Halls,,,,,,,,,Buildings,,10.2357981575,52.7029222630
Endless Stair,Building,Uninhabited during the War of the Ring,Endless Stair,,,,,,,,,Buildings,,4.7846899900,49.8714607188
Ent-houses,Building,Ents,Ent-houses,,,,,,,,,Buildings,,3.9648503068,47.2779995214
First Hall,Building,"Dwarves (originally); Uninhabited during the War of the Ring",First Hall,,,,,,,,,Buildings,,5.2912653646,49.5415483916
Great Chamber of Thrór,Building,"Dwarves; Smaug",Great Chamber of Thrór,,,,,,,,,Buildings,,10.8498736182,52.9415169066
Great Hall of Feasts,Building,Gondorians,Great Hall of Feasts,,,Merethrond,,,,,,Buildings,,9.4379495621,44.1326209439
Great Hall of Osgiliath,Building,Gondorians,Great Hall of Osgiliath,,,,,,,,,Buildings,,9.8437865520,44.2520875045
Great Hall of Thráin,Building,"Dwarves; Smaug",Great Hall of Thráin,,,,,,,,,Buildings,,10.7760938052,52.9931214967
Great House,Building,Men,Great House,,,,,,,,,Buildings,,11.2243170679,52.4258651333
Great Smials,Building,Took family (Hobbits),Great Smials,,,,,,,,,Buildings,,-3.6746169757,50.2948113915
Hall of Fire,Building,Elrond,Hall of Fire,,,,,,,,,Buildings,,4.6051791661,51.7374862391
The Forsaken Inn,Inn,"(Abandoned) Bree-men, Hobbits",The Forsaken Inn,,,,,,,,,Buildings,,-1.5616819464,50.7794369311
Ivy Bush,Inn,Hobbits,Ivy Bush,,,,,,,,,Buildings,,-3.4797239837,50.5228302000
Sea-ward Tower,Tower,Gondorians,Sea-ward Tower,,,Tirith Aear,,,,,,Buildings,,4.3743517371,43.0331780513
Dol Guldur,Building,"Sauron, forces of Sauron, Khamûl","""Hill of Sorcery""",,,Dol Guldur,,,,,,Buildings,,8.1268468539,49.4946578859
Grimslade,Building,"Rohirrim, Grimbold",Grimslade,,,,,Grimslaed,,,,Buildings,,3.3501634782,46.0871305275
House of the Mírdain,Building,"Noldor, Celebrimbor","House of the ""Jewel-smiths""",,,[House of the] Mírdain,,,,,,Buildings,,1.9353934308,48.4929307945
Houses of Healing,Building,Gondorians,Houses of Healing,,,,,,,,,Buildings,,9.4349724253,44.1274992579
Huts of the raft-elves,Building,Raft-elves,Huts of the raft-elves,,,,,,,,,Buildings,,10.3251597545,52.6601705836
King's House,Building,"Gondorian Kings (originally); uninhabited during the War of the Ring",King's House,,,,,,,,,Buildings,,9.8459484353,44.2519248041
Lockholes,Building,Hobbits,Lockholes,,,,,,,,,Buildings,,-4.4957504950,50.1369842481
Mathom-house,Building,Hobbits,Mathom-house,"kast (""mathom"") [house]",,,,,,,,Buildings,,-4.4957504950,50.1369842481
Meduseld,Building,Rohirrim,"Golden Hall; ""Mead Hall""/""hall of feasts""",,,,,Meduseld,,,,Buildings,,4.4141818427,45.6803610696
Old Grange,Building,Hobbits,Old Grange,,,,,,,,,Buildings,,-3.5335929684,50.5686772590
Old Mill,Building,Hobbits,Old Mill,,,,,,,,,Buildings,,-3.5258655549,50.5694709220
Rhosgobel,Building,Radagast (Maia/Wizard),"""russet village or 'town' (enclosure)""",,,Rhosgobel,,,,,,Buildings,,7.6254455372,52.0297860103
Second Hall,Building,"Dwarves (originally); Uninhabited during the War of the Ring",Second Hall,,,,,,,,,Buildings,,5.0985622527,49.6893766893
Shirriff-house,Building,Hobbits,Shirriff-house,,,,,,,,,Buildings,,-3.1462142304,50.5481161597
Tower Hall,Building,Gondorians,Tower Hall,,,,,,,,,Buildings,,9.4382379996,44.1314997784
Town Hole,Building,"Hobbits, mayor of Michel Delving",Town Hole,,,,,,,,,Buildings,,-4.4957504950,50.1369842481
Twenty-first Hall,Building,"Dwarves (originally); Uninhabited during the War of the Ring",Twenty-first Hall,,,,,,,,,Buildings,,4.7891910182,49.8641708026
Two Watchers,Building,Forces of Sauron,Two Watchers,,,,,,,,,Buildings,,10.9293837393,44.4496583401
Warning beacons of Gondor,Building,Gondorians,Warning beacons of Gondor,,,,,,,,,Buildings,,6.9433564366,45.1139491430
Warning beacons of Gondor,Building,Gondorians,Warning beacons of Gondor,,,,,,,,,Buildings,,7.6471103854,45.0795162099
Warning beacons of Gondor,Building,Gondorians,Warning beacons of Gondor,,,,,,,,,Buildings,,7.8720485356,44.9372484280
Warning beacons of Gondor,Building,Gondorians,Warning beacons of Gondor,,,,,,,,,Buildings,,8.2366242951,44.8316557435
Warning beacons of Gondor,Building,Gondorians,Warning beacons of Gondor,,,,,,,,,Buildings,,8.6238255253,44.7379205246
Wellinghall,Building,"Ents, Treebeard","""hall (under or behind) the outflow of the spring of Entwash""",,,,,,,,,Buildings,,3.7709264760,47.4644241005
Withy-weir,Building,,Withy-weir,,,,,,,,,Buildings,,-2.5358830489,50.2720102007
White Towers,Tower,Elves,White Towers,,,,,,,,,Buildings,,-6.0980175751,50.0667388276
Old Guesthouse,Inn,Gondorians,Old Guesthouse,,,Sennas laur,,,,,,Buildings,,9.4442663774,44.1182299320
Black Pits,Building,"	Sauron, Nazgûl, Orcs",Black Pits,,,,,,,,,Buildings,,12.0804168319,44.9792987857
Eagle's Eyrie,Eyrie,Eagles,Eagle's Eyrie,,,,,,,,,Buildings,,6.3290223479,52.3007382941
Warning beacons of Gondor,Building,Gondorians,Warning beacons of Gondor,,,,,,,,,Buildings,,9.0463326638,44.7215789481
Warning beacons of Gondor,Building,Gondorians,Warning beacons of Gondor,,,,,,,,,Buildings,,9.4152784908,44.6462143244
Brockenbores,,,"Brockenbores; Brockenborings; ""badger-burrowings""",,,,,,,,,Cave_entrances,,-3.1599407396,50.8031499698
Front Porch,,,Front Porch,,,,,,,,,Cave_entrances,,5.4962913567,52.1249938102
Glittering Caves,,,"Glittering Caves; ""caves of glory""; ""Caverns of Helm's Deep""",,,"Aglarond (""caves of glory"")",,"Glæmscrafu (""Caverms of Helm's Deep"")",,,,Cave_entrances,,3.1997119409,46.2015452138
Henneth Annûn,,,"""Window of the Sunset""/""Window of the West""",,,Henneth Annûn,,,,,,Cave_entrances,,9.8675691083,44.9665357392
Shelob's Lair,,,Shelob's Lair,,,"Torech Ungol (""tunnel of the spider"")",,,,,,Cave_entrances,,10.9036223105,44.4478019595
Troll's Cave,,,Troll's Cave,,,,,,,,,Cave_entrances,,3.7639431962,51.3933265312
Wellinghall,,,"""hall (under or behind) the outflow of the spring of Entwash""",,,,,,,,,Cave_entrances,,3.7709264759,47.4644241014
Argonath,,,"Pillars of the Kings; Gates of Argonath; Gates of the Kings; Gates of Gondor",,,Argonath,,,,,,Doors_Gates,,8.6835134084,46.6249794949
Argonath,,,"Pillars of the Kings; Gates of Argonath; Gates of the Kings; Gates of Gondor",,,Argonath,,,,,,Doors_Gates,,8.7306818890,46.6225976161
Back Door,,,Back Door,,,,,,,,,Doors_Gates,,10.6270993926,53.0029949108
Black Gate,,,"Black Gate; Gate of Mordor",,,"Morannon (""Black Gate"")",,,,,,Doors_Gates,,10.6955425903,46.0068718638
Buckland Gate,,,"Buckland Gate; Hay Gate; North Gate",,,,,,,,,Doors_Gates,,-2.7226459230,50.6168278278
Causeway Forts,,,Causeway Forts,,,,,,,,,Doors_Gates,,9.6762509484,44.2083566543
Dark Door,,,"Dark Door; Gates of the Dead; Forbidden Door",,,,,,,,,Doors_Gates,,4.4494691040,45.4927830313
Doors of Durin,,,"Doors of Durin; West-gate; West-door of Moria; Elven Door; Moria Gate",,,,,,,,,Doors_Gates,,3.5595612410,49.0203110050
Fen Hollen,,,"Steward's Door; Closed Door; ""shut door""",,,Fen Hollen,,,,,,Doors_Gates,,9.4330554305,44.1316841105
Forannest,,,"""North Entrance""",,,Forannest,,,,,,Doors_Gates,,9.5622883135,44.3090714089
Forest Gate,,,Forest Gate,,,,,,,,,Doors_Gates,,7.0992338080,52.7614570453
Front Gate,,,"Front Gate; Gate of Erebor",,,,,,,,,Doors_Gates,,10.8545901962,52.9352194177
Gate of Isengard,,,Gate of Isengard,,,,,,,,,Doors_Gates,,3.0524933885,47.0744331145
Goblin-gate,,,"Goblin-gate; Back-door",,,,,,,,,Doors_Gates,,6.4036443846,52.2619711285
Great Gate of Minas Tirith,,,Great Gate of Minas Tirith,,,,,,,,,Doors_Gates,,9.4556625224,44.1265079767
Great Gates,,,"Great Gates; East Gates; Dimrill Gate; Moria Gate",,,,,,,,,Doors_Gates,,5.2894049183,49.5408867792
Helm's Gate,,,Helm's Gate,,,,,,,,,Doors_Gates,,3.2779675771,46.2081979662
Undergate,,,Undergate,,,,,,,,,Doors_Gates,,10.9184698665,44.4469805461
West-gate of Bree,,,West-gate of Bree,,,,,,,,,Doors_Gates,,-1.9222773245,50.7756299012
Henneth Annûn,,,"""Window of the Sunset""/""Window of the West""",,,Henneth Annûn,,,,,,Falls,,9.8675691083,44.9665357392
Rauros,,,"""roaring spray""; ""Rush-rain""/""Roar-rain""",,,Rauros,,,,,,Falls,,8.6482609233,46.2008779974
Stair Falls,,,Stair Falls,,,,,,,,,Falls,,3.5569487897,49.0171857641
Crossings of Erui,,,Crossings of Erui,,,Thraid Erui,,,,,,Fords,,9.0869190806,43.6909972860
Entwade,,,"Entwade; Ent ""ford""",,,,,Endwaed,,,,Fords,,5.6081514456,46.2766186257
Ford of Bruinen,,,"Ford of Bruinen; Ford of Loudwater; Ford of Rivendell",,,[ford of] Bruinen,,,,,,Fords,,3.9849831837,51.5072860677
Ford of Carrock,,Beornings,Ford of Carrock,,,,,,,,,Fords,,7.0394081809,52.1499918561
Fords of Isen,,Rohirrim,"Fords of Isen; ""fords of iron""",,,Ethraid Engrin (singular Athrad Angren),,,,,,Fords,,3.1390629441,46.4724319618
Crossings of Poros,,,"Crossings of Poros; Fords of Poros",,,,,,,,,Fords,,9.9352044925,42.3260248915
North Undeep,,,North Undeep,,,,,,,,,Fords,,7.3242087429,48.2635801170
Old Ford,,,Old Ford,,,,,,,,,Fords,,7.1846721326,51.9659998591
Sarn Ford,,"Rangers of the North (pre-War of the Ring); Ringwraiths","""Stony Ford""",,,Half-translation of Sarn Athrad,,,,,,Fords,,-2.7495921207,49.2248998013
South Undeep,,,South Undeep,,,,,,,,,Fords,,8.2033798221,47.6706977437
Tharbad,,Uninhabited,"""road-crossing""; ""the Stepping Stones""",,,Tharbad,,,,,,Fords,,-0.3023017708,48.2353154348
Barad-dûr,Tower,"Sauron, Nazgûl, Orcs","""Dark Tower""",,,Barad-Dûr,,,Lugbúrz (Black Speech),,,Fortresses,,12.0812207029,44.9786691667
Black Gate,Gate,"Gondorians (originally); Orcs (during the War of the Ring)",Black Gate,,,Morannon,,,,,,Fortresses,,10.6955425903,46.0068718638
Carchost,Tower,"Gondorians (originally); forces of Sauron (during the War of the Ring)","""fang fort""",,,Carchost,,,,,,Fortresses,,10.7257542668,46.0098407097
Carn Dûm,Fortress,"The Witch-king, Orcs, Men of Darkness, Wolves, Trolls",,,,,,,,,,Fortresses,,0.3229975238,54.2222569924
Dol Guldur,Fortress,"Sauron, forces of Sauron, Khamûl","""Hill of Sorcery""",,,Dol Guldur,,,,,,Fortresses,,8.1268468539,49.4946578868
Dunharrow,Fortified refuge,Rohirrim,"""the heathen fane on the hillside""",Dunharrow,,,,Dúnharg/Dūnhaerg,,,,Fortresses,,4.4346492639,45.5341292587
Durthang,Fortress,"Gondorians (originally); Orcs (during the War of the Ring)","""Dark oppression""",,,Durthang,,,,,,Fortresses,,10.3801761365,45.3772877632
Fornost Erain,City/Fortress,Dúnedain,"""Northern Fortress (of the) Kings""; Deadman's Dike (colloquial)",Norbury of the Kings,,Fornost Erain,,,,,,Fortresses,,-2.3244856386,51.4929694256
Helm's Deep,Defensive System,"Gondorians; Rohirrim",Helm's Deep,,,,,,,,,Fortresses,,3.2234720459,46.2010310304
Hornburg,Fortress,"Gondorians; Rohirrim",horn fortress,,,,,"Hornburg; Súthburg (""southern fortress""; former name)",,,,Fortresses,,3.2234720459,46.2010310304
Isengard,Fortress,"Dúnedain, Dunlendings; Saruman, Orcs, Wicked men; Ents, Huorns","""Iron Fortress""; ""Iron-courd""",,,Angrenost,,Isengard,,,,Fortresses,,3.0540333413,47.0978690219
Minas Morgul,Tower/City,"Gondorians (originally); Orcs (during the War of the Ring)","Tower of Black Sorcery; Dead City; Tower of the Moon, Tower of the Rising Moon, Moon-tower",,,"Minas Morgul (""tower of black sorcery""); Minas Ithil (""tower of the moon"")",,,,,,Fortresses,,10.4369280059,44.3751471521
Narchost,Tower,"Gondorians (originally); forces of Sauron (during the War of the Ring)","""bitter-biting fort""",,,Narchost,,,,,,Fortresses,,10.6491476230,46.0081001341
Tower of Cirith Ungol,Tower,Forces of Sauron,"""Spider's cleft""",,,Cirith Ungol,,,,,,Fortresses,,10.9184698665,44.4469805461
Minas Tirith,Tower/City,Gondorians,"""Tower of the Guard""; The Guarded City; ""Tower of the Sun"" (formerly)",,,"Minas Tirith; Minas Arnor (formerly)",,"Mundburg (""Protecting Hill"")",Stone-houses (Woses of Drúadan Forest),,,Fortresses,,9.4362439530,44.1253076399
Balin's Tomb,,,Balin's Tomb,,,,,,,,,Graves_Tombs,,4.7891317926,49.8647127941
Barrowfield,,,Barrowfield,,,,,,,,,Graves_Tombs,,4.3479890284,45.6620725332
Battle Pit,,,Battle Pit,,,,,,,,,Graves_Tombs,,-3.4906400431,50.5127816629
Death Down,,,Death Down,,,,,,,,,Graves_Tombs,,3.2516299699,46.2057863720
Haudh in Gwanûr,,,"""mound of the brothers""",,,Haudh in Gwanûr,,,,,,Graves_Tombs,,9.8216795894,42.3401956502
House of the Kings,,,House of the Kings,,,,,,,,,Graves_Tombs,,9.4167277446,44.1308946650
House of the Stewards,,,House of the Stewards,,,,,,,,,Graves_Tombs,,9.4195563999,44.1299564636
Mound of Riders,,,Mound of Riders,,,,,,,,,Graves_Tombs,,3.1390629441,46.4724319618
Mounds of Mundburg,,,Mounds of Mundburg,,,,,,,,,Graves_Tombs,,9.5898502103,44.2136403009
Tomb of Elendil,,,"Tomb of Elendil; Mound of Elendil",,,,,,,,,Graves_Tombs,,6.9460873087,45.1125856665
Edhellond,,"Sindar, Nandor, Gondorians","""Elf Haven""",,,Edhellond,,,,,,Harbors,,4.7021484893,43.3049400895
Forlond,,Elves,"""Northhaven""",,,Forlond,,,,,,Harbors,,-9.9402084920,50.4657286586
Grey Havens,,Elves,Grey Havens,,,Mithlond,,,,,,Harbors,,-6.9764674740,50.0022158858
Grey Havens,,Elves,Grey Havens,,,Mithlond,,,,,,Harbors,,-7.3652103234,50.1586765551
Grindwall,,,Grindwall,,,,,,,,,Harbors,,-2.7266601937,50.1984902493
Harlond (Gondor),,Gondorians,"""Southhaven""",,,Harlond,,,,,,Harbors,,9.4549517994,44.0911903590
Harlond (Lindon),,Elves,"""Southhaven""",,,Harlond,,,,,,Harbors,,-8.5609182102,49.0843720098
Lond Daer,,Númenóreans,"""Great Haven""",,"Vinyalondë (""New Haven"")","Lond Daer Enedh (""Great Haven"")",,,,,,Harbors,,-2.6556232960,46.4002635096
Mithe Steps,,None,Mithe Steps,,,,,,,,,Harbors,,-2.8498750607,50.2160607230
Pelargir,,Gondorians,"""Garth of [the] Royal Ships""",,,Pelargir,,,,,,Harbors,,8.7169571147,42.9513469809
