Code,Name,Code_1,Type,Realm,Inhabitant,Mapped,Crosslist,Comments,English,Westron,Quenya,Sindarin,Khuzdul,Rohirric,Other,F16,F17,F18,F19,F20,F21,F22,F23,F24,F25,F26,F27,F28,F29,SHAPE_Leng,SHAPE_Area,F15,Range,F30,Status,layer,path
FI009,Field of Celebrant,FI009,Field,Rhovanion,,x,,,"Field of Celebrant; Field of ""Silverlode""",,,[field of] Celebrant,,,,,,,,,,,,,,,,,,372765.67851900001,2598167417.48000001907,,,,,,
FI011,Firienfeld,FI011,Flat upland,Rohan,Rohirrim,x,,,Dunharrow,,,,,Firienfeld,,,,,,,,,,,,,,,,4367.54197597000,1376384.30046999990,,,,,,
FI025,Plateau of Gorgoroth,FI025,Plain,Mordor,"Sauron, Orcs, Men allied to Sauron",x,MO021,,"Plateau of ""horror/dread""",,,[plateau of] Gorgoroth,,,,,,,,,,,,,,,,,,5635612.07689999975,36405149984.09999847412,,,,,,
FI016,Lithlad,FI016,Plain,Mordor,Orcs,x,MO012,,"""Ash Plain""",,,Lithlad,,,,,,,,,,,,,,,,,,4810976.91684000008,69442504216.89999389648,,,,,,
FI012,Gladden Fields,FI012,Marsh,Rhovanion,Servants of Sauron searching for the One Ring,x,SW006,,Gladden Fields,,,Loeg Ningloron,,,,,,,,,,,,,,,,,,153041.05763500000,705004008.24800002575,,,,,,
FI017,Desert of Lostladen,FI017,Desert,Mordor,,x,,,Desert of Lostladen,,,,,,,,,,,,,,,,,,,,,889989.44601700001,9841671815.61000061035,,,,,,
FI021,Parth Galen,FI021,Field,Gondor,Uninhabited,x,,,"""green sward""",,,Parth Galen,,,,,,,,,,,,,,,,,,8788.04050645000,4557356.83916999958,,,,,,
FI022,Party Field,FI022,Field,The Shire,"Hobbits; Bilbo",x,SH039,,Party Field,,,,,,,,,,,,,,,,,,,,,802.63522264500,39900.91755790000,,,,,,
FI024,Pelennor Fields,FI024,Field,Gondor,Gondorians,x,GD077,,"""fenced/encircled land"" Fields",,,Pelennor [fields],,,,,,,,,,,,,,,,,,93881.68515730000,401270920.23299998045,,,,,,
FI005,Derndingle,FI005,Hollow,Fangorn Forest,Ents,x,,Site of Entmoot,,,,,,,,,,,,,,,,,,,,,,8189.14514228000,4831726.01322999969,,,,,,
FI010,Field of Cormallen,FI010,Field,Gondor,Men,x,GD039,,"Field of ""golden circle""",,,"Cormallen; Cormalthen (Gondor Sindarin)",,,,,,,,,,,,,,,,,,28291.51171570000,25419298.91160000116,,,,,,
FI006,Desolation of the Morannon,FI006,Dead land,Mordor Adjacent Lands,Uninhabited,x,MO008,,Desolation of the Morannon,,,,,,,,,,,,,,,,,,,,,81821.69516680000,334630695.28700000048,,,,,,
FI003,Bonfire Glade,FI003,Glade,The Shire,,x,SH007,,Bonfire Glade,,,,,,,,,,,,,,,,,,,,,109614.57644300000,78178271.72529999912,,,,,,
FI004,Dagorlad,FI004,Plain,Mordor Adjacent Lands,Uninhabited,x,,,"""battle plain""",,,Dagorlad,,,,,,,,,,,,,,,,,,724552.91677000001,5996526389.40000057220,,,,,,
FI028,The Wold,FI028,Upland plain,Rohan,Deserted,x,RH057,,The Wold,,,,,,,,,,,,,,,,,,,,,721234.29268900002,13741540958.79999923706,,,,,,
IS019,Tolfalas,IS019,,Gondor,Uninhabited,x,GD101,Almost destroyed during the Drowning of Númenor,,,,Tol Falas,,,,,,,,,,,,,,,,,,203923.87667299999,1798751182.91000008583,,,,,,
IS012,Tol Brandir,IS012,,Gondor,Uninhabited,x,GD100,"""no foot of man or beast had ever been set upon Tol Brandir""","""Isle of the great Steeples""",Tindrock (archaic Westron),,Tol Brandir,,,,,,,,,,,,,,,,,,10295.27225300000,7573870.26150000002,,,,,,
IS008,Girdley Island,IS008,,The Shire,Uninhabited?,x,SH021,,"Gridley Island; ""girdle-island""",,,,,,Gyrdlieg (Old Hobbitish),,,,,,,,,,,,,,,6907.52201564000,2126740.38783999998,,,,,,
IS003,Carrock,IS003,,Rhovanion,Near the homes of Beorn and Radagast,x,,,,,,,,,,,,,,,,,,,,,,,,4049.68863762000,1184776.22176999995,,,,,,
IS002,Cair Andros,IS002,,Gondor,Gondorians,x,GD008,,"""Ship of Long Foam""",,,Cair Andros,,,,,,,,,,,,,,,,,,34580.61942310000,59508900.12259999663,,,,,,
LA002,Bywater Pool,LA002,Pond,The Shire,,x,SH014,,Bywater Pool,,,,,,,,,,,,,,,,,,,,,17399.25375700000,21533031.14420000091,,,,,,
LA006,Lake Evendim,LA006,Lake,Abandoned,,x,,,Lake Evendim,,,"Nenuial (""Lake of Twilight"")",,,,,,,,,,,,,,,,,,176520.56101300000,961411810.55799996853,,,,,,
LA009,Long Lake,LA009,Lake,Kingdom of Dale,,x,,,Long Lake,,,,,,,,,,,,,,,,,,,,,94930.52732450000,210131132.73500001431,,,,,,
LA012,Mirrormere,LA012,Lake,Khazad-dûm,,x,,,Mirrormere,,,"Nen Cenedril (""Lake Looking-glass"")","Kheled-zâram (""glass lake/pool"")",,,,,,,,,,,,,,,,,3529.01342736000,830010.86060799996,,,,,,
LA013,Nen Hithoel,LA013,Lake,Gondor,,x,GD070,,"""Mist-cool Water""",,,Nen Hithoel,,,,,,,,,,,,,,,,,,94564.03350070000,604123002.01300001144,,,,,,
LA019,Sea of Rhûn,LA019,Inland Sea,Rhûn,,x,,,Sea of Rhûn,,,"Rhûn (""East"")",,,,,,,,,,,,,,,,,,960854.37020400004,22436757395.79999923706,,,,,,
LA017,Sea of Núrnen,LA017,Inland Sea,Mordor,,x,MO022,,"Sea of Núrnen; Lake Núrnen; ""sad-water"" lake/sea",,,[Sea/Lake] Núrnen,,,,,,,,,,,,,,,,,,644327.42308800004,14297796890.89999771118,,,,,,
HI004,Amon Hen,HI004,,Gondor,Gondorians,x,,,"""Hill of the Eye""; Hill of Sight",,,Amon Hen,,,,,,,,,,,,,,,,,,17174.30262820000,16460333.26789999940,,,,,Hills,/Users/rainylty/STUDY/IVth/datascience/summer_school/summoning_and_lotr/Viz_of_Summoning_and_Middle_Earth-/data_from_gis_and_middle_earth/Vector_Shapefiles/Hills.shp
HI006,Amon Lhaw,HI006,,Gondor,,x,,,"""Hill of Hearing""",,,Amon Lhaw,,,,,,,,,,,,,,,,,,25295.65727820000,28664574.10830000043,,,,,Hills,/Users/rainylty/STUDY/IVth/datascience/summer_school/summoning_and_lotr/Viz_of_Summoning_and_Middle_Earth-/data_from_gis_and_middle_earth/Vector_Shapefiles/Hills.shp
HI005,Dol Guldur,HI005,,Mirkwood,"Sauron, Khamûl, forces of Sauron",x,FT008,,"""Hill of Sorcery""; the dungeons of the Necromancer",,,"Amon Lanc (""the Naked Hill""; ""Bald Hill""); Dol Guldur (""Hill of Sorcery"")",,,,,,,,,,,,,,,,,,24073.70571180000,35151954.22249999642,,,,,Hills,/Users/rainylty/STUDY/IVth/datascience/summer_school/summoning_and_lotr/Viz_of_Summoning_and_Middle_Earth-/data_from_gis_and_middle_earth/Vector_Shapefiles/Hills.shp
HI013,Buck Hill,HI013,,Buckland,Hobbits,x,,,Buck Hill,,,,,,,,,,,,,,,,,,,,,21391.99995140000,32058307.79199999943,,,,,Hills,/Users/rainylty/STUDY/IVth/datascience/summer_school/summoning_and_lotr/Viz_of_Summoning_and_Middle_Earth-/data_from_gis_and_middle_earth/Vector_Shapefiles/Hills.shp
HI014,Cerin Amroth,HI014,,Lothlórien,,x,,,"""Amroth's Mound""",,,Cerin Amroth,,,,,,,,,,,,,,,,,,7911.54429088000,4703016.51470999978,,,,,Hills,/Users/rainylty/STUDY/IVth/datascience/summer_school/summoning_and_lotr/Viz_of_Summoning_and_Middle_Earth-/data_from_gis_and_middle_earth/Vector_Shapefiles/Hills.shp
HI015,Death Down,HI015,,Rohan,,x,"GR006; RH005",Erected after the Battle of the Hornburg (4 March T.A. 3019),Death Down,,,,,,,,,,,,,,,,,,,,,868.15839040900,53940.40108010000,,,,,Hills,/Users/rainylty/STUDY/IVth/datascience/summer_school/summoning_and_lotr/Viz_of_Summoning_and_Middle_Earth-/data_from_gis_and_middle_earth/Vector_Shapefiles/Hills.shp
HI016,Dol Amroth,HI016,,Gondor,Men (Númenórean Faithful),x,"GD026; TO026",,"""hill upclimber""",,,Dol Amroth,,,,,,,,,,,,,,,,,,45904.78437890000,78039725.25869999826,,,,,Hills,/Users/rainylty/STUDY/IVth/datascience/summer_school/summoning_and_lotr/Viz_of_Summoning_and_Middle_Earth-/data_from_gis_and_middle_earth/Vector_Shapefiles/Hills.shp
HI017,Dol Baran,HI017,,Rohan,,x,,,"""Shaven hill""",,,Dol Baran,,,,,,,,,,,,,,,,,,7074.59465226000,3058019.07757000020,,,,,Hills,/Users/rainylty/STUDY/IVth/datascience/summer_school/summoning_and_lotr/Viz_of_Summoning_and_Middle_Earth-/data_from_gis_and_middle_earth/Vector_Shapefiles/Hills.shp
HI020,Emyn Arnen,HI020,,Gondor,House of Húrin (Gondorians),x,GD033,,"""the hills of Arnen""",,,Emyn [Arnen],,,,,,,,,,,,,,,,,,84749.28502230000,347700778.94199997187,,,,,Hills,/Users/rainylty/STUDY/IVth/datascience/summer_school/summoning_and_lotr/Viz_of_Summoning_and_Middle_Earth-/data_from_gis_and_middle_earth/Vector_Shapefiles/Hills.shp
HI022,Emyn Muil,HI022,,Gondor,Uninhabited,x,GD034,,"""the drear hills""",,,Emyn Muil,,,,,,,,,,,,,,,,,,448728.75736900000,6215051959.09000110626,,,,,Hills,/Users/rainylty/STUDY/IVth/datascience/summer_school/summoning_and_lotr/Viz_of_Summoning_and_Middle_Earth-/data_from_gis_and_middle_earth/Vector_Shapefiles/Hills.shp
HI023,Erech,HI023,,Gondor,Abandoned/Dead Men,x,GD035,Entrance to the Paths of the Dead,Hill of Erech,,,,,,Erech (pre-Númenórean Mannish),,,,,,,,,,,,,,,118636.64541300001,457205136.13099998236,,,,,Hills,/Users/rainylty/STUDY/IVth/datascience/summer_school/summoning_and_lotr/Viz_of_Summoning_and_Middle_Earth-/data_from_gis_and_middle_earth/Vector_Shapefiles/Hills.shp
HI029,Hill of Guard,HI029,,Gondor,Gondorians,x,GD053,,Hill of Guard,,,Amon Tirith,,,,,,,,,,,,,,,,,,14877.88059750000,15812799.77500000037,,,,,Hills,/Users/rainylty/STUDY/IVth/datascience/summer_school/summoning_and_lotr/Viz_of_Summoning_and_Middle_Earth-/data_from_gis_and_middle_earth/Vector_Shapefiles/Hills.shp
HI052,Weathertop,HI052,,Abandoned,Uninhabited,x,,,Weathertop,,,Amon Sûl,,,,,,,,,,,,,,,,,,14994.67201420000,7886250.01339999959,,,,,Hills,/Users/rainylty/STUDY/IVth/datascience/summer_school/summoning_and_lotr/Viz_of_Summoning_and_Middle_Earth-/data_from_gis_and_middle_earth/Vector_Shapefiles/Hills.shp
HI032,Hills of Evendim,HI032,,Abandoned,Uninhabited,x,,,"Hills of Everdim; ""Hills of Dusk""",,,Emyn Uial,,,,,,,,,,,,,,,,,,874143.68914699997,6686919365.97000026703,,,,,Hills,/Users/rainylty/STUDY/IVth/datascience/summer_school/summoning_and_lotr/Viz_of_Summoning_and_Middle_Earth-/data_from_gis_and_middle_earth/Vector_Shapefiles/Hills.shp
HI035,Hobbiton Hill,HI035,,The Shire,"Bilbo, Frodo, Hobbits",x,SH026,,"Hobbiton Hill; The Hill",,,,,,,,,,,,,,,,,,,,,14845.87892880000,14908631.73320000060,,,,,Hills,/Users/rainylty/STUDY/IVth/datascience/summer_school/summoning_and_lotr/Viz_of_Summoning_and_Middle_Earth-/data_from_gis_and_middle_earth/Vector_Shapefiles/Hills.shp
HI046,Tarnost,HI046,,Gondor,Uninhabited,x,GD099,not mentioned in the Lord of the Rings,,,,,,,Tarnost (Noldorin),,,,,,,,,,,,,,,2386953.94487999985,6920006902.03999996185,,,,,Hills,/Users/rainylty/STUDY/IVth/datascience/summer_school/summoning_and_lotr/Viz_of_Summoning_and_Middle_Earth-/data_from_gis_and_middle_earth/Vector_Shapefiles/Hills.shp
HI039,North Downs,HI039,,Abandoned,"Uninhabited; visited by Rangers of the North",x,,,North Downs,,,,,,,,,,,,,,,,,,,,,990600.84192200005,5769787275.35000038147,,,,,Hills,/Users/rainylty/STUDY/IVth/datascience/summer_school/summoning_and_lotr/Viz_of_Summoning_and_Middle_Earth-/data_from_gis_and_middle_earth/Vector_Shapefiles/Hills.shp
HI051,Weather Hills,HI051,,Abandoned,Men,x,,Includes Weathertop (HI052),Weather Halls,,,,,,,,,,,,,,,,,,,,,437304.36125100002,2176988883.98000001907,,,,,Hills,/Users/rainylty/STUDY/IVth/datascience/summer_school/summoning_and_lotr/Viz_of_Summoning_and_Middle_Earth-/data_from_gis_and_middle_earth/Vector_Shapefiles/Hills.shp
HI037,Iron Hills,HI037,,Rhovanion,Durin's Folk/Longbeards (Dwarves),x,,,,,,,,,,,,,,,,,,,,,,,,1066087.94754999992,3479615638.44999980927,,,,,Hills,/Users/rainylty/STUDY/IVth/datascience/summer_school/summoning_and_lotr/Viz_of_Summoning_and_Middle_Earth-/data_from_gis_and_middle_earth/Vector_Shapefiles/Hills.shp
HI036,Hollin Ridge,HI036,,Misty Mountains,Crebain,x,,,Hollin Ridge,,,,,,,,,,,,,,,,,,,,,333538.37570999999,1684244117.02999997139,,,,,Hills,/Users/rainylty/STUDY/IVth/datascience/summer_school/summoning_and_lotr/Viz_of_Summoning_and_Middle_Earth-/data_from_gis_and_middle_earth/Vector_Shapefiles/Hills.shp
HI048,Tower Hills,HI048,,Lindon,Elves,x,,,Tower Hills,,,Emyn Beriad,,,,,,,,,,,,,,,,,,301123.69961299998,1693419133.04999995232,,,,,Hills,/Users/rainylty/STUDY/IVth/datascience/summer_school/summoning_and_lotr/Viz_of_Summoning_and_Middle_Earth-/data_from_gis_and_middle_earth/Vector_Shapefiles/Hills.shp
HI025,Far Downs,HI025,,The Shire,Hobbits,x,SH057,,"Far Downs; Fox Downs (incorrect printing)",,,,,,,,,,,,,,,,,,,,,483903.28942900000,863591395.90799999237,,,,,Hills,/Users/rainylty/STUDY/IVth/datascience/summer_school/summoning_and_lotr/Viz_of_Summoning_and_Middle_Earth-/data_from_gis_and_middle_earth/Vector_Shapefiles/Hills.shp
HI033,Hills of Scary,HI033,,The Shire,Hobbits,x,SH024,,Hills of Scary,,,,,,,,,,,,,,,,,,,,,115984.03369800000,448490039.78700000048,,,,,Hills,/Users/rainylty/STUDY/IVth/datascience/summer_school/summoning_and_lotr/Viz_of_Summoning_and_Middle_Earth-/data_from_gis_and_middle_earth/Vector_Shapefiles/Hills.shp
HI053,White Downs,HI053,,The Shire,Hobbits,x,SH056,,White Downs,,,,,,,,,,,,,,,,,,,,,796161.79549100006,1794571209.54999995232,,,,,Hills,/Users/rainylty/STUDY/IVth/datascience/summer_school/summoning_and_lotr/Viz_of_Summoning_and_Middle_Earth-/data_from_gis_and_middle_earth/Vector_Shapefiles/Hills.shp
HI012,Bree-hill,HI012,,Bree-land,"Men, Hobbits",x,,,Bree-hill,,,,,,,,,,,,,,,,,,,,,85873.22595310000,388413284.63000005484,,,,,Hills,/Users/rainylty/STUDY/IVth/datascience/summer_school/summoning_and_lotr/Viz_of_Summoning_and_Middle_Earth-/data_from_gis_and_middle_earth/Vector_Shapefiles/Hills.shp
HI045,South Downs,HI045,,Abandoned,Uninhabited,x,,,South Downs,,,,,,,,,,,,,,,,,,,,,962117.67903100001,5831279378.78999996185,,,,,Hills,/Users/rainylty/STUDY/IVth/datascience/summer_school/summoning_and_lotr/Viz_of_Summoning_and_Middle_Earth-/data_from_gis_and_middle_earth/Vector_Shapefiles/Hills.shp
HI011,Barrow-downs,HI011,,Abandoned,Barrow-wights,x,GR002,,Barrow-downs,,,Tyrn Gorthad/Tyrn Goerthiad (plural),,,,,,,,,,,,,,,,,,754236.77783299994,3612863006.44999933243,,,,,Hills,/Users/rainylty/STUDY/IVth/datascience/summer_school/summoning_and_lotr/Viz_of_Summoning_and_Middle_Earth-/data_from_gis_and_middle_earth/Vector_Shapefiles/Hills.shp
HI042,Ravenhill,HI042,,Erebor,Dwarves,x,,,Ravenhill,,,,,,,,,,,,,,,,,,,,,7666.54965048000,2194250.57341000019,,,,,Hills,/Users/rainylty/STUDY/IVth/datascience/summer_school/summoning_and_lotr/Viz_of_Summoning_and_Middle_Earth-/data_from_gis_and_middle_earth/Vector_Shapefiles/Hills.shp
HI027,Green Hills,HI027,,The Shire,Hobbits,x,SH059,,Green Hills,,,,,,,,,,,,,,,,,,,,,238342.44200899999,879328857.49100005627,,,,,Hills,/Users/rainylty/STUDY/IVth/datascience/summer_school/summoning_and_lotr/Viz_of_Summoning_and_Middle_Earth-/data_from_gis_and_middle_earth/Vector_Shapefiles/Hills.shp
HI044,Slag-hills,HI044,,Mordor,,x,MO024,,Slag-hills,,,,,,,,,,,,,,,,,,,,,45271.67634500000,54672172.02090000361,,,,,Hills,/Users/rainylty/STUDY/IVth/datascience/summer_school/summoning_and_lotr/Viz_of_Summoning_and_Middle_Earth-/data_from_gis_and_middle_earth/Vector_Shapefiles/Hills.shp
MT034,Misty Mountains,MT034,Range,"Khazad-dûm, numerous Orc tribes","Durin's folk (Dwarves), Orcs, Trolls, Giants, Eagles",x,,,Misty Mountains,,,Hithaeglir,,,,,,,,,,,,,,,,,,3494368.14109000005,75718232553.80000305176,,Misty Mountains,,,Mountains,/Users/rainylty/STUDY/IVth/datascience/summer_school/summoning_and_lotr/Viz_of_Summoning_and_Middle_Earth-/data_from_gis_and_middle_earth/Vector_Shapefiles/Mountains.shp
MT022,Grey Mountains,MT022,Range,"Orc tribes; Dragon hoards","Durin's Folk, Dragons, Orcs",x,,,Grey Mountains,,,Ered Mithrin,,,,,,,,,,,,,,,,,,1760153.31856999989,8793164243.25000000000,,Grey Mountains,,,Mountains,/Users/rainylty/STUDY/IVth/datascience/summer_school/summoning_and_lotr/Viz_of_Summoning_and_Middle_Earth-/data_from_gis_and_middle_earth/Vector_Shapefiles/Mountains.shp
MT055,White Mountains,MT055,Range,"Gondor, Rohan","Men, Dwarves",x,"GD104; RH045",,White Mountains,,,Ered Nimrais,,,,,,,,,,,,,,,,,,6337069.33787999954,55474133536.30000305176,,White Mountains,,,Mountains,/Users/rainylty/STUDY/IVth/datascience/summer_school/summoning_and_lotr/Viz_of_Summoning_and_Middle_Earth-/data_from_gis_and_middle_earth/Vector_Shapefiles/Mountains.shp
MT016,Ered Lithui,MT016,Range,Mordor,,x,MO011,,Ash Mountains,,,Ered Lithui,,,,,,,,,,,,,,,,,,6996133.83390999958,37793588672.00000000000,,Ered Lithui,,,Mountains,/Users/rainylty/STUDY/IVth/datascience/summer_school/summoning_and_lotr/Viz_of_Summoning_and_Middle_Earth-/data_from_gis_and_middle_earth/Vector_Shapefiles/Mountains.shp
MT036,Mount Doom,MT036,Volcano,Mordor,,x,MO017,,Mount Doom,,,"Orodruin; Amon Amarth (""Mount Doom"")",,,,,,,,,,,,,,,,,,207402.96378200001,522490204.48699998856,,,,,Mountains,/Users/rainylty/STUDY/IVth/datascience/summer_school/summoning_and_lotr/Viz_of_Summoning_and_Middle_Earth-/data_from_gis_and_middle_earth/Vector_Shapefiles/Mountains.shp
MT005,Blue Mountains,MT005,Range,Eriador,"Dwarves (Broadbeams, Firebeards, and Longbeards)",x,,,"Blue Mountains; Mountains of Lindon",[Mountains of Lune],,"Ered Luin (""Blue Mountains""); Ered Lindon (""Mountains of Lindon"")",,,Lhúndirien (Noldorin),,,,,,,,,,,,,,,2378422.15181000018,36116094604.50000000000,,Blue Mountains,,,Mountains,/Users/rainylty/STUDY/IVth/datascience/summer_school/summoning_and_lotr/Viz_of_Summoning_and_Middle_Earth-/data_from_gis_and_middle_earth/Vector_Shapefiles/Mountains.shp
MT005,Blue Mountains,MT005,Range,Eriador,"Dwarves (Broadbeams, Firebeards, and Longbeards)",x,,,"Blue Mountains; Mountains of Lindon",[Mountains of Lune],,"Ered Luin (""Blue Mountains""); Ered Lindon (""Mountains of Lindon"")",,,Lhúndirien (Noldorin),,,,,,,,,,,,,,,2143983.57628000015,17079749151.60000228882,,Blue Mountains,,,Mountains,/Users/rainylty/STUDY/IVth/datascience/summer_school/summoning_and_lotr/Viz_of_Summoning_and_Middle_Earth-/data_from_gis_and_middle_earth/Vector_Shapefiles/Mountains.shp
MT029,Lonely Mountain,MT029,Mountain,Erebor,Durin's Folk/Longbeards (Dwarves),x,,,Lonely Mountain,,,Erebor,,,,,,,,,,,,,,,,,,70839.23097130000,268765748.03799998760,,None,,,Mountains,/Users/rainylty/STUDY/IVth/datascience/summer_school/summoning_and_lotr/Viz_of_Summoning_and_Middle_Earth-/data_from_gis_and_middle_earth/Vector_Shapefiles/Mountains.shp
MT058,Amon Anwar,MT058,Mountain,"Gondor, Rohan",Gondorian beacon-wardens,x,"GD105; RH056",,"""Hill of Awe""; ""Holy Mountain""",,,"Amon Anwar (""Hill of Awe"")",,"the Halifirien (""Holy Mountain"")",Eilenaer (pre-Númenórean Mannish),,,,,,,,,,,,,,,5042.72737052000,1408169.96453000000,,White Mountains,,,Mountains,/Users/rainylty/STUDY/IVth/datascience/summer_school/summoning_and_lotr/Viz_of_Summoning_and_Middle_Earth-/data_from_gis_and_middle_earth/Vector_Shapefiles/Mountains.shp
MT064,Írensaga,MT064,Mountain,Rohan,Rohirrim,x,RH033,,"""iron-saw""",,,,,Írensaga,,,,,,,,,,,,,,,,58528.36154350000,146024061.23500001431,,White Mountains,,,Mountains,/Users/rainylty/STUDY/IVth/datascience/summer_school/summoning_and_lotr/Viz_of_Summoning_and_Middle_Earth-/data_from_gis_and_middle_earth/Vector_Shapefiles/Mountains.shp
MT048,Ras Morthil,MT048,Mountain,Gondor,"Possibly Druédain, possibly vacated",x,GD084,,"""dark/black horn""",,,Ras Morthil,,,,,,,,,,,,,,,,,,80640.37385320000,105273698.97500000894,,White Mountains,,,Mountains,/Users/rainylty/STUDY/IVth/datascience/summer_school/summoning_and_lotr/Viz_of_Summoning_and_Middle_Earth-/data_from_gis_and_middle_earth/Vector_Shapefiles/Mountains.shp
MT009,Cûl Bîn,MT009,Mountain,Gondor,,x,GD024,,"""Little Load""",,,Cûl Bîn,,,,,,,,,,,,,,,,,,349009.63594499999,1308099846.35999989510,,White Mountains,,,Mountains,/Users/rainylty/STUDY/IVth/datascience/summer_school/summoning_and_lotr/Viz_of_Summoning_and_Middle_Earth-/data_from_gis_and_middle_earth/Vector_Shapefiles/Mountains.shp
MT011,Dol Tarlang,MT011,Mountain,Gondor,,x,GD027,,"""Tarlang's Head""",,,Dol Tarlang,,,,,,,,,,,,,,,,,,102091.77715400000,161740075.63899999857,,White Mountains,,,Mountains,/Users/rainylty/STUDY/IVth/datascience/summer_school/summoning_and_lotr/Viz_of_Summoning_and_Middle_Earth-/data_from_gis_and_middle_earth/Vector_Shapefiles/Mountains.shp
MT010,Cûl Veleg,MT010,Mountain,Gondor,,x,GD025,,"""Big Load""",,,Cûl Veleg,,,,,,,,,,,,,,,,,,156922.26425099999,459933208.67399996519,,White Mountains,,,Mountains,/Users/rainylty/STUDY/IVth/datascience/summer_school/summoning_and_lotr/Viz_of_Summoning_and_Middle_Earth-/data_from_gis_and_middle_earth/Vector_Shapefiles/Mountains.shp
MT024,Gundabad,MT024,Mountain,Misty Mountains,Orcs,x,,,,,,,Gundabad,,,,,,,,,,,,,,,,,35979.23654260001,82353405.33720000088,,Misty Mountains,,,Mountains,/Users/rainylty/STUDY/IVth/datascience/summer_school/summoning_and_lotr/Viz_of_Summoning_and_Middle_Earth-/data_from_gis_and_middle_earth/Vector_Shapefiles/Mountains.shp
MT033,Mindolluin,MT033,Mountain,Gondor,None,x,GD064,Only Kings of Gondor visited,Mount Mindolluin,,,"Mindolluin (""towering-head-blue"")",,,,,,,,,,,,,,,,,,375629.49467699998,2045226867.58999991417,,White Mountains,,,Mountains,/Users/rainylty/STUDY/IVth/datascience/summer_school/summoning_and_lotr/Viz_of_Summoning_and_Middle_Earth-/data_from_gis_and_middle_earth/Vector_Shapefiles/Mountains.shp
MT039,Mountains of Angmar,MT039,Range,"Angmar; Orc tribes","Orcs, the Witch-king",x,,,Mountains of Angmar,,,,,,,,,,,,,,,,,,,,,709358.14130500006,5034958333.27000045776,,Mountains of Angmar,,,Mountains,/Users/rainylty/STUDY/IVth/datascience/summer_school/summoning_and_lotr/Viz_of_Summoning_and_Middle_Earth-/data_from_gis_and_middle_earth/Vector_Shapefiles/Mountains.shp
MT035,Morgai,MT035,Ridge,Mordor,,x,MO014,,,,,,,,,,,,,,,,,,,,,,,955544.87419400003,2100675562.92000031471,,Ephel Dúath,,,Mountains,/Users/rainylty/STUDY/IVth/datascience/summer_school/summoning_and_lotr/Viz_of_Summoning_and_Middle_Earth-/data_from_gis_and_middle_earth/Vector_Shapefiles/Mountains.shp
MT014,Ephel Dúath,MT014,Range,Mordor,,x,MO010,,Mountains of Shadow,,,"Ephel Dúath (""outer fences of shadow"")",,,,,,,,,,,,,,,,,,6971218.71444999892,61842129092.80000305176,,Ephel Dúath,,,Mountains,/Users/rainylty/STUDY/IVth/datascience/summer_school/summoning_and_lotr/Viz_of_Summoning_and_Middle_Earth-/data_from_gis_and_middle_earth/Vector_Shapefiles/Mountains.shp
MT060,Calenhad,MT060,Beacon-hill,Gondor,Gondorian beacon-wardens,x,GD107,,"""green space""",,,Calenhad,,,,,,,,,,,,,,,,,,36361.07882410000,60467528.10459998995,,White Mountains,,,Mountains,/Users/rainylty/STUDY/IVth/datascience/summer_school/summoning_and_lotr/Viz_of_Summoning_and_Middle_Earth-/data_from_gis_and_middle_earth/Vector_Shapefiles/Mountains.shp
MT041,Mountains of Mirkwood,MT041,Range,Mirkwood,"Elves (previously); Spiders and evil creatures",x,,,Mountains of Mirkwood,,,"Emyn Duir (""the Dark Mountains""); Emyn-nu-Fuin (""the Mountains of Mirkwood"")",,,,,,,,,,,,,,,,,,1328482.66121000005,4321728640.27999973297,,Mountains of Mirkwood,,,Mountains,/Users/rainylty/STUDY/IVth/datascience/summer_school/summoning_and_lotr/Viz_of_Summoning_and_Middle_Earth-/data_from_gis_and_middle_earth/Vector_Shapefiles/Mountains.shp
MT007,Celebdil,MT007,Mountain,Khazad-dûm,,,,One of the Mountains of Moria,Silvertine,Silvertine,,Celebdil,Zirakzigil,,,,,,,,,,,,,,,,,1021751.49803999998,1925026085.29999995232,,Misty Mountains,,Proposed,Mountains_of_Moria,/Users/rainylty/STUDY/IVth/datascience/summer_school/summoning_and_lotr/Viz_of_Summoning_and_Middle_Earth-/data_from_gis_and_middle_earth/Vector_Shapefiles/Mountains_of_Moria.shp
MT006,Caradhras,MT006,Mountain,Khazad-dûm,Mountain is actively hostile,,,One of the Mountains of Moria,Redhorn,Redhorn,,Caradhras,Barazinbar/Baraz,,,,,,,,,,,,,,,,,206272.78457799999,740966016.12300014496,,Misty Mountains,,Current,Mountains_of_Moria,/Users/rainylty/STUDY/IVth/datascience/summer_school/summoning_and_lotr/Viz_of_Summoning_and_Middle_Earth-/data_from_gis_and_middle_earth/Vector_Shapefiles/Mountains_of_Moria.shp
MT020,Fanuidhol,MT020,Mountain,Khazad-dûm,,,,One of the Mountains of Moria,Cloudyhead,Cloudyhead,,Fanuidhol,Bundushathûr/Shathûr,,,,,,,,,,,,,,,,,294495.04031800001,1523281703.09999990463,,Misty Mountains,,Current,Mountains_of_Moria,/Users/rainylty/STUDY/IVth/datascience/summer_school/summoning_and_lotr/Viz_of_Summoning_and_Middle_Earth-/data_from_gis_and_middle_earth/Vector_Shapefiles/Mountains_of_Moria.shp
MT006,Caradhras,MT006,Mountain,Khazad-dûm,Mountain is actively hostile,,,One of the Mountains of Moria,Redhorn,Redhorn,,Caradhras,Barazinbar/Baraz,,,,,,,,,,,,,,,,,221891.83937500001,904526360.13399994373,,Misty Mountains,,Proposed,Mountains_of_Moria,/Users/rainylty/STUDY/IVth/datascience/summer_school/summoning_and_lotr/Viz_of_Summoning_and_Middle_Earth-/data_from_gis_and_middle_earth/Vector_Shapefiles/Mountains_of_Moria.shp
MT020,Fanuidhol,MT020,Mountain,Khazad-dûm,,,,One of the Mountains of Moria,Cloudyhead,Cloudyhead,,Fanuidhol,Bundushathûr/Shathûr,,,,,,,,,,,,,,,,,289319.63209799997,1003501385.15999996662,,Misty Mountains,,Proposed,Mountains_of_Moria,/Users/rainylty/STUDY/IVth/datascience/summer_school/summoning_and_lotr/Viz_of_Summoning_and_Middle_Earth-/data_from_gis_and_middle_earth/Vector_Shapefiles/Mountains_of_Moria.shp
MT007,Celebdil,MT007,Mountain,Khazad-dûm,,,,One of the Mountains of Moria,Silvertine,Silvertine,,Celebdil,Zirakzigil,,,,,,,,,,,,,,,,,1006371.26980999997,2281238754.30999994278,,Misty Mountains,,Current,Mountains_of_Moria,/Users/rainylty/STUDY/IVth/datascience/summer_school/summoning_and_lotr/Viz_of_Summoning_and_Middle_Earth-/data_from_gis_and_middle_earth/Vector_Shapefiles/Mountains_of_Moria.shp
SW002,Dead Marshes,SW002,Wetland,None,Dead faces,x,,,Dead Marshes,,,,,,,,,,,,,,,,,,,,,283064.94568100001,2601027940.98000001907,,,,,,
SW014,Swanfleet,SW014,Marsh,Eriador,Swans,x,,,Swanfleet,,,"Nîn-in-Eilph (""water-lands of the Swans"")",,,,,,,,,,,,,,,,,,132608.08162300001,1029769579.63999998569,,,,,,
SW013,Rushock Bog,SW013,Swamp,The Shire,,x,SH102,,Rushock Bog,,,,,,Ryscuc (Old Hobbitish),,,,,,,,,,,,,,,25364.75091010000,42011783.16770000011,,,,,,
SW012,Overbourn Marshes,SW012,Marsh,The Shire,,x,SH101,,Overbourn Marshes,,,,,,,,,,,,,,,,,,,,,97889.46283819999,493316931.40899997950,,,,,,
SW011,Nindalf,SW011,Swamp,Gondor,None,x,GD071,,"""wet flat field""",Wetwang,,Nindalf,,,,,,,,,,,,,,,,,,327250.74319499999,4034835095.55000066757,,,,,,
SW010,Midgewater Marshes,SW010,Marsh,Abandoned,None,x,,,Midgewater Marshes,,,,,,,,,,,,,,,,,,,,,97605.87630480000,503358492.60400003195,,,,,,
SW008,Marish,SW008,Bog,The Shire,Stoors (Hobbits),x,SH100,,Marish,,,,,,,,,,,,,,,,,,,,,41502.88438790000,40544878.05300000310,,,,,,
SW007,Long Marshes,SW007,Marsh,Rhovanion,,x,,,Long Marshes,,,,,,,,,,,,,,,,,,,,,107605.48218599999,422590336.69099992514,,,,,,
SW006,Gladden Fields,SW006,Marsh,Rhovanion,Servants of Sauron searching for the One Ring,x,FI012,,Gladden Fields,,,Loeg Ningloron,,,,,,,,,,,,,,,,,,153041.05763500000,705004008.24800002575,,,,,,
SW004,Fenmark,SW004,Marsh,Rohan,,x,,,"Fenmark; Fenmarch",,,,,,,,,,,,,,,,,,,,,141350.29310700000,221808571.39899998903,,,,,,
VA041,Tarlang's Neck,VA041,Pass,,,x,GD098,,Tarlang's Neck,,,,,,,,,,,,,,,,,,,,,75192.20728520000,184900080.47400000691,,,,,,
VA021,Udûn (valley),VA021,Valley,,Orcs,x,MO030,,"""dark pit/Underworld""; ""hell""",,,Udûn,,,,,,,,,,,,,,,,,,190107.38208499999,1250446315.74000000954,,,,,,
VA026,Withered Heath,VA026,Valley,,Dragons,x,,,Withered Heath,,,,,,,,,,,,,,,,,,,,,468566.39095899998,3438370089.61999988556,,,,,,
VA031,Cirith Gorgor,VA031,Guarded Pass,,Orcs,x,MO032,"Sealed by the Black Gate (DO004; FT005; MO002)","""pass of extreme horror""",,,Cirith Gorgor,,,,,,,,,,,,,,,,,,39882.80137850000,45566239.41550000012,,,,,,
VA030,Carach Angren,VA030,Guarded Pass,,Orcs,x,MO004,,"""Iron-mouth""",Isenmouthe (archaic),,Carach Angren,,,,,,,,,,,,,,,,,,21817.13439860000,12797043.24709999934,,,,,,
VA034,Cirith Ungol,VA034,Pass,,"Orcs, Shelob",x,MO006,,"""Spider's Cleft""",,,"Cirith Ungol; Cirith Dúath (formerly)",,,,,,,,,,,,,,,,,,97530.34255570000,88587950.74609999359,,,,,,
VA037,North Stair,VA037,Stair,,Uninhabited,x,GD073,,North Stair,,,,,,,,,,,,,,,,,,,,,37772.68529180000,9866000.80976000056,,,,,,
VA036,High Pass,VA036,Pass,,Beornings,x,,"There is a lower pass at the same location, but it's normally blocked by orcs","High Pass; Pass of Imladris",,,"Cirith Forn en Andrath (""the high-climbing pass of the north"")",,,,,,,,,,,,,,,,,,228985.34707799999,169766756.02399998903,,,,,,
VA035,Dimrill Stair,VA035,Pass,,Caradhras,x,RD010,,Dimrill Stair,,,,,,,,,,,,,,,,,,,,,8863.27618700000,3761022.29804999987,,,,,,
VA028,Andrath,VA028,Defile,,Black Riders,x,,,"""Long Climb""",,,Andrath,,,,,,,,,,,,,,,,,,316267.15913300001,672849104.29499995708,,,,,,
VA018,Stonewain Valley,VA018,Valley,,Gondorians,x,GD096,,Stonewain Valley,,"Nand' Ondolunkava; Ondolunkanan(do)","Nan Gondresgion; Imrath Gondraich (""Stonewain Valley"")",,Stānwægna Dæl,,,,,,,,,,,,,,,,93936.61340720000,98041683.34420001507,,,,,,
VA017,Ringló Vale,VA017,Valley,,Gondorians,x,GD088,,Ringló Vale,,,,,,,,,,,,,,,,,,,,,105118.93406400000,92584102.02799999714,,,,,,
VA014,Nan Curunír,VA014,Valley,,Saruman,x,,,"""Saruman's Vale""",,,Nan Curunír,,,,,,,,,,,,,,,,,,144541.94957400000,1050360166.25000000000,,,,,,
VA013,Morgul Vale,VA013,Valley,,Orcs,x,MO015,,"Morgul Vale; ""Deep/Narrow Valley of Black Sorcery""",,,Imlad Morgul,,,,,,,,,,,,,,,,,,81271.27951840000,58037173.84929999709,,,,,,
VA020,Tumladen (Gondor),VA020,Valley,,Gondorians,x,GD103,,"""Valley of Smoothness""",,,Tumladen,,,,,,,,,,,,,,,,,,103883.19248600000,122287107.91799999774,,,,,,
VA011,Imloth Melui,VA011,Valley,,Gondorians,x,GD054,,"""sweet flower-valley""",,,Imloth Melui,,,,,,,,,,,,,,,,,,347954.83123200003,586143817.74899995327,,,,,,
VA008,Harrowdale,VA008,Valley,,Rohirrim,x,RH027,,Harrowdale,,,,,,,,,,,,,,,,,,,,,55617.68621740000,37099426.51349999756,,,,,,
VA006,Entwash Vale,VA006,Valley,,Rohirrim,x,RH018,,Entwash Vale,,,,,,,,,,,,,,,,,,,,,248906.86523800000,469792128.52899998426,,,,,,
VA005,Dwimorberg glen,VA005,Glen,,Uninhabited,x,RH012,Not given an official name in Tolkien's work,,,,,,,,,,,,,,,,,,,,,,1904.22754572000,252439.49535000001,,,,,,
VA004,Dimrill Dale,VA004,Valley,,Uninhabited,x,,,Dimrill Dale,,,Nanduhirion,Azanulbizar,,,,,,,,,,,,,,,,,12182.26264690000,6059189.17975999974,,,,,,
VA003,Deeping-coomb,VA003,Valley,,Rohirrim,x,RH007,,Deeping-coomb,,,,,,,,,,,,,,,,,,,,,13146.23421590000,7577270.43953999970,,,,,,
VA001,Blackroot Vale,VA001,Valley,,Gondorians,x,GD007,,Blackroot Vale,,,"Mornan (""dark valley"")",,,,,,,,,,,,,,,,,,169360.29725599999,296234842.14300000668,,,,,,
VA025,Water-valley,VA025,Valley,,Hobbits,x,SH055,,Water-valley,,,,,,,,,,,,,,,,,,,,,184443.74552800000,446399966.56900000572,,,,,,
VA040,Paths of the Dead,VA040,Pass,,Dead Men,x,RD030,,Paths of the Dead,,,,,,,,,,,,,,,,,,,,,130750.90933100000,63589380.08990000188,,,,,,
